Sr. No.,Symbol,Company Name
1,RELIANCE,Reliance Industries Limited
2,TCS,Tata Consultancy Services Limited
3,HDFCBANK,HDFC Bank Limited
4,ICICIBANK,ICICI Bank Limited
5,BHARTIARTL,Bharti Airtel Limited
6,SBIN,State Bank of India
7,INFY,Infosys Limited
8,LICI,Life Insurance Corporation Of India
9,ITC,ITC Limited
10,HINDUNILVR,Hindustan Unilever Limited
11,LT,Larsen & Toubro Limited
12,BAJFINANCE,Bajaj Finance Limited
13,HCLTECH,HCL Technologies Limited
14,MARUTI,Maruti Suzuki India Limited
15,SUNPHARMA,Sun Pharmaceutical Industries Limited
16,ADANIENT,Adani Enterprises Limited
17,KOTAKBANK,Kotak Mahindra Bank Limited
18,TITAN,Titan Company Limited
19,ONGC,Oil & Natural Gas Corporation Limited
20,TATAMOTORS,Tata Motors Limited
21,NTPC,NTPC Limited
22,AXISBANK,Axis Bank Limited
23,DMART,Avenue Supermarts Limited
24,ADANIGREEN,Adani Green Energy Limited
25,ADANIPORTS,Adani Ports and Special Economic Zone Limited
26,ULTRACEMCO,UltraTech Cement Limited
27,ASIANPAINT,Asian Paints Limited
28,COALINDIA,Coal India Limited
29,BAJAJFINSV,Bajaj Finserv Limited
30,BAJAJ-AUTO,Bajaj Auto Limited
31,POWERGRID,Power Grid Corporation of India Limited
32,NESTLEIND,Nestle India Limited
33,WIPRO,Wipro Limited
34,M&M,Mahindra & Mahindra Limited
35,IOC,Indian Oil Corporation Limited
36,JIOFIN,Jio Financial Services Limited
37,HAL,Hindustan Aeronautics Limited
38,DLF,DLF Limited
39,ADANIPOWER,Adani Power Limited
40,JSWSTEEL,JSW Steel Limited
41,TATASTEEL,Tata Steel Limited
42,SIEMENS,Siemens Limited
43,IRFC,Indian Railway Finance Corporation Limited
44,VBL,Varun Beverages Limited
45,ZOMATO,Zomato Limited
46,PIDILITIND,Pidilite Industries Limited
47,GRASIM,Grasim Industries Limited
48,SBILIFE,SBI Life Insurance Company Limited
49,BEL,Bharat Electronics Limited
50,LTIM,LTIMindtree Limited
51,TRENT,Trent Limited
52,PNB,Punjab National Bank
53,INDIGO,InterGlobe Aviation Limited
54,BANKBARODA,Bank of Baroda
55,HDFCLIFE,HDFC Life Insurance Company Limited
56,ABB,ABB India Limited
57,BPCL,Bharat Petroleum Corporation Limited
58,PFC,Power Finance Corporation Limited
59,GODREJCP,Godrej Consumer Products Limited
60,TATAPOWER,Tata Power Company Limited
61,HINDALCO,Hindalco Industries Limited
62,HINDZINC,Hindustan Zinc Limited
63,TECHM,Tech Mahindra Limited
64,AMBUJACEM,Ambuja Cements Limited
65,INDUSINDBK,IndusInd Bank Limited
66,CIPLA,Cipla Limited
67,GAIL,GAIL (India) Limited
68,RECLTD,REC Limited
69,BRITANNIA,Britannia Industries Limited
70,UNIONBANK,Union Bank of India
71,ADANIENSOL,Adani Energy Solutions Limited
72,IOB,Indian Overseas Bank
73,LODHA,Macrotech Developers Limited
74,EICHERMOT,Eicher Motors Limited
75,CANBK,Canara Bank
76,TATACONSUM,TATA CONSUMER PRODUCTS LIMITED
77,DRREDDY,Dr. Reddy's Laboratories Limited
78,TVSMOTOR,TVS Motor Company Limited
79,ZYDUSLIFE,Zydus Lifesciences Limited
80,ATGL,Adani Total Gas Limited
81,VEDL,Vedanta Limited
82,CHOLAFIN,Cholamandalam Investment and Finance Company Limited
83,HAVELLS,Havells India Limited
84,HEROMOTOCO,Hero MotoCorp Limited
85,DABUR,Dabur India Limited
86,SHREECEM,SHREE CEMENT LIMITED
87,MANKIND,Mankind Pharma Limited
88,BAJAJHLDNG,Bajaj Holdings & Investment Limited
89,DIVISLAB,Divi's Laboratories Limited
90,APOLLOHOSP,Apollo Hospitals Enterprise Limited
91,NHPC,NHPC Limited
92,SHRIRAMFIN,Shriram Finance Limited
93,BOSCHLTD,Bosch Limited
94,TORNTPHARM,Torrent Pharmaceuticals Limited
95,ICICIPRULI,ICICI Prudential Life Insurance Company Limited
96,IDBI,IDBI Bank Limited
97,JSWENERGY,JSW Energy Limited
98,JINDALSTEL,Jindal Steel & Power Limited
99,BHEL,Bharat Heavy Electricals Limited
100,INDHOTEL,The Indian Hotels Company Limited
101,CUMMINSIND,Cummins India Limited
102,ICICIGI,ICICI Lombard General Insurance Company Limited
103,CGPOWER,CG Power and Industrial Solutions Limited
104,MCDOWELL-N,United Spirits Limited
105,HDFCAMC,HDFC Asset Management Company Limited
106,MAXHEALTH,Max Healthcare Institute Limited
107,SOLARINDS,Solar Industries India Limited
108,MOTHERSON,Samvardhana Motherson International Limited
109,INDUSTOWER,Indus Towers Limited
110,POLYCAB,Polycab India Limited
111,OFSS,Oracle Financial Services Software Limited
112,SRF,SRF Limited
113,IRCTC,Indian Railway Catering And Tourism Corporation Limited
114,COLPAL,Colgate Palmolive (India) Limited
115,LUPIN,Lupin Limited
116,NAUKRI,Info Edge (India) Limited
117,TIINDIA,Tube Investments of India Limited
118,INDIANB,Indian Bank
119,HINDPETRO,Hindustan Petroleum Corporation Limited
120,BERGEPAINT,Berger Paints (I) Limited
121,YESBANK,Yes Bank Limited
122,TORNTPOWER,Torrent Power Limited
123,OIL,Oil India Limited
124,SBICARD,SBI Cards and Payment Services Limited
125,IDEA,Vodafone Idea Limited
126,MARICO,Marico Limited
127,GODREJPROP,Godrej Properties Limited
128,AUROPHARMA,Aurobindo Pharma Limited
129,UCOBANK,UCO Bank
130,BANKINDIA,Bank of India
131,PERSISTENT,Persistent Systems Limited
132,MUTHOOTFIN,Muthoot Finance Limited
133,NMDC,NMDC Limited
134,ALKEM,Alkem Laboratories Limited
135,PIIND,PI Industries Limited
136,LTTS,L&T Technology Services Limited
137,GICRE,General Insurance Corporation of India
138,TATACOMM,Tata Communications Limited
139,JSL,Jindal Stainless Limited
140,MRF,MRF Limited
141,SAIL,Steel Authority of India Limited
142,PGHH,Procter & Gamble Hygiene and Health Care Limited
143,SUZLON,Suzlon Energy Limited
144,LINDEINDIA,Linde India Limited
145,SUPREMEIND,Supreme Industries Limited
146,CONCOR,Container Corporation of India Limited
147,OBEROIRLTY,Oberoi Realty Limited
148,ASTRAL,Astral Limited
149,IDFCFIRSTB,IDFC First Bank Limited
150,RVNL,Rail Vikas Nigam Limited
151,BHARATFORG,Bharat Forge Limited
152,CENTRALBK,Central Bank of India
153,JSWINFRA,JSW Infrastructure Limited
154,POLICYBZR,PB Fintech Limited
155,ASHOKLEY,Ashok Leyland Limited
156,THERMAX,Thermax Limited
157,PHOENIXLTD,The Phoenix Mills Limited
158,GMRINFRA,GMR Airports Infrastructure Limited
159,TATAELXSI,Tata Elxsi Limited
160,PATANJALI,Patanjali Foods Limited
161,SJVN,SJVN Limited
162,PRESTIGE,Prestige Estates Projects Limited
163,ACC,ACC Limited
164,NYKAA,FSN E-Commerce Ventures Limited
165,SUNDARMFIN,Sundaram Finance Limited
166,UBL,United Breweries Limited
167,ABCAPITAL,Aditya Birla Capital Limited
168,MPHASIS,MphasiS Limited
169,BALKRISIND,Balkrishna Industries Limited
170,DIXON,Dixon Technologies (India) Limited
171,MAHABANK,Bank of Maharashtra
172,KALYANKJIL,Kalyan Jewellers India Limited
173,SCHAEFFLER,Schaeffler India Limited
174,AWL,Adani Wilmar Limited
175,APLAPOLLO,APL Apollo Tubes Limited
176,TATATECH,Tata Technologies Limited
177,SONACOMS,Sona BLW Precision Forgings Limited
178,KPITTECH,KPIT Technologies Limited
179,FACT,Fertilizers and Chemicals Travancore Limited
180,PSB,Punjab & Sind Bank
181,PETRONET,Petronet LNG Limited
182,L&TFH,L&T Finance Holdings Limited
183,UNOMINDA,UNO Minda Limited
184,PAGEIND,Page Industries Limited
185,MRPL,Mangalore Refinery and Petrochemicals Limited
186,AUBANK,AU Small Finance Bank Limited
187,MAZDOCK,Mazagon Dock Shipbuilders Limited
188,HUDCO,Housing & Urban Development Corporation Limited
189,GUJGASLTD,Gujarat Gas Limited
190,NIACL,The New India Assurance Company Limited
191,CRISIL,CRISIL Limited
192,AIAENG,AIA Engineering Limited
193,FEDERALBNK,The Federal Bank  Limited
194,IREDA,Indian Renewable Energy Development Agency Limited
195,VOLTAS,Voltas Limited
196,DALBHARAT,Dalmia Bharat Limited
197,POONAWALLA,Poonawalla Fincorp Limited
198,MEDANTA,Global Health Limited
199,IRB,IRB Infrastructure Developers Limited
200,3MINDIA,3M India Limited
201,MFSL,Max Financial Services Limited
202,M&MFIN,Mahindra & Mahindra Financial Services Limited
203,UPL,UPL Limited
204,HONAUT,Honeywell Automation India Limited
205,BSE,BSE Limited
206,FLUOROCHEM,Gujarat Fluorochemicals Limited
207,COFORGE,Coforge Limited
208,LICHSGFIN,LIC Housing Finance Limited
209,GLAXO,GlaxoSmithKline Pharmaceuticals Limited
210,DELHIVERY,Delhivery Limited
211,BDL,Bharat Dynamics Limited
212,STARHEALTH,Star Health and Allied Insurance Company Limited
213,FORTIS,Fortis Healthcare Limited
214,BIOCON,Biocon Limited
215,COROMANDEL,Coromandel International Limited
216,NLCINDIA,NLC India Limited
217,TATAINVEST,Tata Investment Corporation Limited
218,JKCEMENT,JK Cement Limited
219,IPCALAB,IPCA Laboratories Limited
220,METROBRAND,Metro Brands Limited
221,KEI,KEI Industries Limited
222,ESCORTS,Escorts Kubota Limited
223,LLOYDSME,Lloyds Metals And Energy Limited
224,GLAND,Gland Pharma Limited
225,IGL,Indraprastha Gas Limited
226,NAM-INDIA,Nippon Life India Asset Management Limited
227,APOLLOTYRE,Apollo Tyres Limited
228,JUBLFOOD,Jubilant Foodworks Limited
229,POWERINDIA,Hitachi Energy India Limited
230,MSUMI,Motherson Sumi Wiring India Limited
231,BANDHANBNK,Bandhan Bank Limited
232,DEEPAKNTR,Deepak Nitrite Limited
233,ZFCVINDIA,ZF Commercial Vehicle Control Systems India Limited
234,AJANTPHARM,Ajanta Pharma Limited
235,KPRMILL,K.P.R. Mill Limited
236,SYNGENE,Syngene International Limited
237,EIHOTEL,EIH Limited
238,APARINDS,Apar Industries Limited
239,NATIONALUM,National Aluminium Company Limited
240,TATACHEM,Tata Chemicals Limited
241,GLENMARK,Glenmark Pharmaceuticals Limited
242,HINDCOPPER,Hindustan Copper Limited
243,GODREJIND,Godrej Industries Limited
244,NH,Narayana Hrudayalaya Ltd.
245,BLUESTARCO,Blue Star Limited
246,EXIDEIND,Exide Industries Limited
247,ENDURANCE,Endurance Technologies Limited
248,JBCHEPHARM,JB Chemicals & Pharmaceuticals Limited
249,PAYTM,One 97 Communications Limited
250,ANGELONE,Angel One Limited
251,MOTILALOFS,Motilal Oswal Financial Services Limited
252,ITI,ITI Limited
253,360ONE,360 ONE WAM LIMITED
254,CARBORUNIV,Carborundum Universal Limited
255,AARTIIND,Aarti Industries Limited
256,SUNTV,Sun TV Network Limited
257,KIOCL,KIOCL Limited
258,ISEC,ICICI Securities Limited
259,RADICO,Radico Khaitan Limited
260,SUNDRMFAST,Sundram Fasteners Limited
261,CREDITACC,CREDITACCESS GRAMEEN LIMITED
262,COCHINSHIP,Cochin Shipyard Limited
263,HATSUN,Hatsun Agro Product Limited
264,MANYAVAR,Vedant Fashions Limited
265,CYIENT,Cyient Limited
266,GET&D,GE T&D India Limited
267,BRIGADE,Brigade Enterprises Limited
268,TIMKEN,Timken India Limited
269,NBCC,NBCC (India) Limited
270,JBMA,JBM Auto Limited
271,GILLETTE,Gillette India Limited
272,KANSAINER,Kansai Nerolac Paints Limited
273,LAURUSLABS,Laurus Labs Limited
274,GRINDWELL,Grindwell Norton Limited
275,FIVESTAR,Five-Star Business Finance Limited
276,SWANENERGY,Swan Energy Limited
277,CHOLAHLDNG,Cholamandalam Financial Holdings Limited
278,IRCON,Ircon International Limited
279,SKFINDIA,SKF India Limited
280,BSOFT,BIRLASOFT LIMITED
281,ASTERDM,Aster DM Healthcare Limited
282,RELAXO,Relaxo Footwears Limited
283,SONATSOFTW,Sonata Software Limited
284,GSPL,Gujarat State Petronet Limited
285,RATNAMANI,Ratnamani Metals & Tubes Limited
286,ABFRL,Aditya Birla Fashion and Retail Limited
287,APLLTD,Alembic Pharmaceuticals Limited
288,PFIZER,Pfizer Limited
289,RAMCOCEM,The Ramco Cements Limited
290,SIGNATURE,Signatureglobal (India) Limited
291,PEL,Piramal Enterprises Limited
292,ELGIEQUIP,Elgi Equipments Limited
293,LALPATHLAB,Dr. Lal Path Labs Ltd.
294,EMAMILTD,Emami Limited
295,SANOFI,Sanofi India Limited
296,JYOTICNC,Jyoti CNC Automation Limited
297,TRIDENT,Trident Limited
298,CASTROLIND,Castrol India Limited
299,KAJARIACER,Kajaria Ceramics Limited
300,KAYNES,Kaynes Technology India Limited
301,CENTURYTEX,Century Textiles & Industries Limited
302,CHALET,Chalet Hotels Limited
303,DEVYANI,Devyani International Limited
304,CDSL,Central Depository Services (India) Limited
305,KEC,KEC International Limited
306,SCHNEIDER,Schneider Electric Infrastructure Limited
307,IDFC,IDFC Limited
308,BATAINDIA,Bata India Limited
309,CIEINDIA,CIE Automotive India Limited
310,KPIL,Kalpataru Projects International Limited
311,RRKABEL,R R Kabel Limited
312,SUMICHEM,Sumitomo Chemical India Limited
313,NATCOPHARM,Natco Pharma Limited
314,SUVENPHAR,Suven Pharmaceuticals Limited
315,CROMPTON,Crompton Greaves Consumer Electricals Limited
316,TRITURBINE,Triveni Turbine Limited
317,PPLPHARMA,Piramal Pharma Limited
318,INOXWIND,Inox Wind Limited
319,ACE,Action Construction Equipment Limited
320,ATUL,Atul Limited
321,CGCL,Capri Global Capital Limited
322,TVSHLTD,TVS Holdings Limited
323,SHYAMMETL,Shyam Metalics and Energy Limited
324,NUVAMA,Nuvama Wealth Management Limited
325,KIMS,Krishna Institute of Medical Sciences Limited
326,CELLO,Cello World Limited
327,PNBHOUSING,PNB Housing Finance Limited
328,REDINGTON,Redington Limited
329,LAXMIMACH,Lakshmi Machine Works Limited
330,JYOTHYLAB,Jyothy Labs Limited
331,CESC,CESC Limited
332,GODFRYPHLP,Godfrey Phillips India Limited
333,NSLNISP,NMDC Steel Limited
334,RITES,RITES Limited
335,CONCORDBIO,Concord Biotech Limited
336,INDIAMART,Indiamart Intermesh Limited
337,AEGISCHEM,Aegis Logistics Limited
338,OLECTRA,Olectra Greentech Limited
339,WHIRLPOOL,Whirlpool of India Limited
340,ANANDRATHI,Anand Rathi Wealth Limited
341,NAVINFLUOR,Navin Fluorine International Limited
342,JWL,Jupiter Wagons Limited
343,APTUS,Aptus Value Housing Finance India Limited
344,FINCABLES,Finolex Cables Limited
345,FINPIPE,Finolex Industries Limited
346,POLYMED,Poly Medicure Limited
347,VINATIORGA,Vinati Organics Limited
348,INTELLECT,Intellect Design Arena Limited
349,JAIBALAJI,Jai Balaji Industries Limited
350,J&KBANK,The Jammu & Kashmir Bank Limited
351,KARURVYSYA,Karur Vysya Bank Limited
352,BLUEDART,Blue Dart Express Limited
353,MANAPPURAM,Manappuram Finance Limited
354,AFFLE,Affle (India) Limited
355,NCC,NCC Limited
356,RBLBANK,RBL Bank Limited
357,TTML,Tata Teleservices (Maharashtra) Limited
358,BASF,BASF India Limited
359,VGUARD,V-Guard Industries Limited
360,CAMS,Computer Age Management Services Limited
361,GESHIP,The Great Eastern Shipping Company Limited
362,CENTURYPLY,Century Plyboards (India) Limited
363,CLEAN,Clean Science and Technology Limited
364,JINDALSAW,Jindal Saw Limited
365,FSL,Firstsource Solutions Limited
366,ZENSARTECH,Zensar Technologies Limited
367,SOBHA,Sobha Limited
368,CHAMBLFERT,Chambal Fertilizers & Chemicals Limited
369,DATAPATTNS,Data Patterns (India) Limited
370,CHENNPETRO,Chennai Petroleum Corporation Limited
371,WELCORP,Welspun Corp Limited
372,MGL,Mahanagar Gas Limited
373,KSB,Ksb Limited
374,WELSPUNLIV,Welspun Living Limited
375,HSCL,Himadri Speciality Chemical Limited
376,DCMSHRIRAM,DCM Shriram Limited
377,ASTRAZEN,AstraZeneca Pharma India Limited
378,ZEEL,Zee Entertainment Enterprises Limited
379,BEML,BEML Limited
380,HFCL,HFCL Limited
381,RAINBOW,Rainbow Childrens Medicare Limited
382,ABSLAMC,Aditya Birla Sun Life AMC Limited
383,HONASA,Honasa Consumer Limited
384,ASAHIINDIA,Asahi India Glass Limited
385,PVRINOX,PVR INOX Limited
386,ARE&M,Amara Raja Energy & Mobility Limited
387,IIFL,IIFL Finance Limited
388,BLS,BLS International Services Limited
389,ALOKINDS,Alok Industries Limited
390,VTL,Vardhman Textiles Limited
391,GRINFRA,G R Infraprojects Limited
392,HBLPOWER,HBL Power Systems Limited
393,WESTLIFE,WESTLIFE FOODWORLD LIMITED
394,RKFORGE,Ramkrishna Forgings Limited
395,KIRLOSENG,Kirloskar Oil Engines Limited
396,TITAGARH,TITAGARH RAIL SYSTEMS LIMITED
397,FINEORG,Fine Organic Industries Limited
398,AMBER,Amber Enterprises India Limited
399,BIKAJI,Bikaji Foods International Limited
400,SWSOLAR,Sterling and Wilson Renewable Energy Limited
401,RAYMOND,Raymond Limited
402,IEX,Indian Energy Exchange Limited
403,SPARC,Sun Pharma Advanced Research Company Limited
404,GRAPHITE,Graphite India Limited
405,SPLPETRO,Supreme Petrochem Limited
406,RAILTEL,Railtel Corporation Of India Limited
407,INGERRAND,Ingersoll Rand (India) Limited
408,ECLERX,eClerx Services Limited
409,JUNIPER,Juniper Hotels Limited
410,ERIS,Eris Lifesciences Limited
411,RHIM,RHI MAGNESITA INDIA LIMITED
412,ENGINERSIN,Engineers India Limited
413,MAHSEAMLES,Maharashtra Seamless Limited
414,HAPPSTMNDS,Happiest Minds Technologies Limited
415,JKTYRE,JK Tyre & Industries Limited
416,TEJASNET,Tejas Networks Limited
417,PNCINFRA,PNC Infratech Limited
418,NEWGEN,Newgen Software Technologies Limited
419,INOXINDIA,INOX India Limited
420,TANLA,Tanla Platforms Limited
421,BIRLACORPN,Birla Corporation Limited
422,BBTC,Bombay Burmah Trading Corporation Limited
423,GMDCLTD,Gujarat Mineral Development Corporation Limited
424,NUVOCO,Nuvoco Vistas Corporation Limited
425,AKZOINDIA,Akzo Nobel India Limited
426,CEATLTD,CEAT Limited
427,RPOWER,Reliance Power Limited
428,RELINFRA,Reliance Infrastructure Limited
429,GPIL,Godawari Power And Ispat limited
430,ELECON,Elecon Engineering Company Limited
431,ANANTRAJ,Anant Raj Limited
432,ELECTCAST,Electrosteel Castings Limited
433,DBREALTY,D B Realty Limited
434,EQUITASBNK,Equitas Small Finance Bank Limited
435,KFINTECH,Kfin Technologies Limited
436,BAJAJELEC,Bajaj Electricals Limited
437,LATENTVIEW,Latent View Analytics Limited
438,JPPOWER,Jaiprakash Power Ventures Limited
439,GRANULES,Granules India Limited
440,AAVAS,Aavas Financiers Limited
441,AETHER,Aether Industries Limited
442,UTIAMC,UTI Asset Management Company Limited
443,LEMONTREE,Lemon Tree Hotels Limited
444,JKLAKSHMI,JK Lakshmi Cement Limited
445,GPPL,Gujarat Pipavav Port Limited
446,SFL,Sheela Foam Limited
447,PCBL,PCBL LIMITED
448,MAPMYINDIA,C.E. Info Systems Limited
449,ROUTE,ROUTE MOBILE LIMITED
450,CANFINHOME,Can Fin Homes Limited
451,CUB,City Union Bank Limited
452,SAPPHIRE,Sapphire Foods India Limited
453,CAPLIPOINT,Caplin Point Laboratories Limited
454,MINDACORP,Minda Corporation Limited
455,MMTC,MMTC Limited
456,PTCIL,PTC Industries Limited
457,IFCI,IFCI Limited
458,PRAJIND,Praj Industries Limited
459,VOLTAMP,Voltamp Transformers Limited
460,SCI,Shipping Corporation Of India Limited
461,USHAMART,Usha Martin Limited
462,EIDPARRY,EID Parry India Limited
463,RTNINDIA,RattanIndia Enterprises Limited
464,ANURAS,Anupam Rasayan India Limited
465,GLS,Glenmark Life Sciences Limited
466,DOMS,DOMS Industries Limited
467,INFIBEAM,Infibeam Avenues Limited
468,FORCEMOT,FORCE MOTORS LTD
469,ZYDUSWELL,Zydus Wellness Limited
470,STARCEMENT,Star Cement Limited
471,GODREJAGRO,Godrej Agrovet Limited
472,TTKPRESTIG,TTK Prestige Limited
473,ALKYLAMINE,Alkyl Amines Chemicals Limited
474,GNFC,Gujarat Narmada Valley Fertilizers and Chemicals Limited
475,KPIGREEN,KPI Green Energy Limited
476,CRAFTSMAN,Craftsman Automation Limited
477,MAHLIFE,Mahindra Lifespace Developers Limited
478,REDTAPE,Redtape Limited
479,JUBLPHARMA,Jubilant Pharmova Limited
480,NETWEB,Netweb Technologies India Limited
481,NETWORK18,Network18 Media & Investments Limited
482,PRSMJOHNSN,Prism Johnson Limited
483,METROPOLIS,Metropolis Healthcare Limited
484,CERA,Cera Sanitaryware Limited
485,SBFC,SBFC Finance Limited
486,GRSE,Garden Reach Shipbuilders & Engineers Limited
487,KIRLOSBROS,Kirloskar Brothers Limited
488,UJJIVANSFB,Ujjivan Small Finance Bank Limited
489,SHRIPISTON,Shriram Pistons & Rings Limited
490,RENUKA,Shree Renuka Sugars Limited
491,RATEGAIN,Rategain Travel Technologies Limited
492,WOCKPHARMA,Wockhardt Limited
493,SAFARI,Safari Industries (India) Limited
494,HAPPYFORGE,Happy Forgings Limited
495,TECHNOE,Techno Electric & Engineering Company Limited
496,SHOPERSTOP,Shoppers Stop Limited
497,IBULHSGFIN,Indiabulls Housing Finance Limited
498,SYRMA,Syrma SGS Technology Limited
499,TEGA,Tega Industries Limited
500,ACI,Archean Chemical Industries Limited
501,MEDPLUS,Medplus Health Services Limited
502,MAHSCOOTER,Maharashtra Scooters Limited
503,NEULANDLAB,Neuland Laboratories Limited
504,AZAD,Azad Engineering Limited
505,ESABINDIA,Esab India Limited
506,GALAXYSURF,Galaxy Surfactants Limited
507,ZENTEC,Zen Technologies Limited
508,JSWHL,JSW Holdings Limited
509,TV18BRDCST,TV18 Broadcast Limited
510,HOMEFIRST,Home First Finance Company India Limited
511,MHRIL,Mahindra Holidays & Resorts India Limited
512,POWERMECH,Power Mech Projects Limited
513,KTKBANK,The Karnataka Bank Limited
514,JLHL,Jupiter Life Line Hospitals Limited
515,MASTEK,Mastek Limited
516,PGHL,Procter & Gamble Health Limited
517,THOMASCOOK,Thomas Cook  (India)  Limited
518,CCL,CCL Products (India) Limited
519,GSFC,Gujarat State Fertilizers & Chemicals Limited
520,RAJESHEXPO,Rajesh Exports Limited
521,QUESS,Quess Corp Limited
522,VARROC,Varroc Engineering Limited
523,TMB,Tamilnad Mercantile Bank Limited
524,MANINFRA,Man Infraconstruction Limited
525,EASEMYTRIP,Easy Trip Planners Limited
526,VIPIND,VIP Industries Limited
527,IONEXCHANG,ION Exchange (India) Limited
528,RESPONIND,Responsive Industries Limited
529,MIDHANI,Mishra Dhatu Nigam Limited
530,EMIL,Electronics Mart India Limited
531,GAEL,Gujarat Ambuja Exports Limited
532,BALRAMCHIN,Balrampur Chini Mills Limited
533,STAR,Strides Pharma Science Limited
534,JUBLINGREA,Jubilant Ingrevia Limited
535,SARDAEN,Sarda Energy & Minerals Limited
536,JMFINANCIL,JM Financial Limited
537,SOUTHBANK,The South Indian Bank Limited
538,HEG,HEG Limited
539,CHEMPLASTS,Chemplast Sanmar Limited
540,ARVIND,Arvind Limited
541,RCF,Rashtriya Chemicals and Fertilizers Limited
542,NAVA,NAVA LIMITED
543,ALLCARGO,Allcargo Logistics Limited
544,ICIL,Indo Count Industries Limited
545,IWEL,Inox Wind Energy Limited
546,KNRCON,KNR Constructions Limited
547,FDC,FDC Limited
548,RELIGARE,Religare Enterprises Limited
549,GRAVITA,Gravita India Limited
550,RUSTOMJEE,Keystone Realtors Limited
551,MARKSANS,Marksans Pharma Limited
552,NIITMTS,NIIT Learning Systems Limited
553,AHLUCONT,Ahluwalia Contracts (India) Limited
554,JUSTDIAL,Just Dial Limited
555,TRIVENI,Triveni Engineering & Industries Limited
556,TVSSCS,TVS Supply Chain Solutions Limited
557,GARFIBRES,Garware Technical Fibres Limited
558,VESUVIUS,Vesuvius India Limited
559,SAREGAMA,Saregama India Limited
560,DBL,Dilip Buildcon Limited
561,INDIASHLTR,India Shelter Finance Corporation Limited
562,BLUEJET,Blue Jet Healthcare Limited
563,BALAMINES,Balaji Amines Limited
564,ISGEC,Isgec Heavy Engineering Limited
565,AVANTIFEED,Avanti Feeds Limited
566,INDIACEM,The India Cements Limited
567,BECTORFOOD,Mrs. Bectors Food Specialities Limited
568,CAMPUS,Campus Activewear Limited
569,LTFOODS,LT Foods Limited
570,VIJAYA,Vijaya Diagnostic Centre Limited
571,GOCOLORS,Go Fashion (India) Limited
572,BORORENEW,BOROSIL RENEWABLES LIMITED
573,LXCHEM,Laxmi Organic Industries Limited
574,GREENLAM,Greenlam Industries Limited
575,DEEPAKFERT,Deepak Fertilizers and Petrochemicals Corporation Limited
576,CMSINFO,CMS Info Systems Limited
577,KRBL,KRBL Limited
578,ETHOSLTD,Ethos Limited
579,TEXRAIL,Texmaco Rail & Engineering Limited
580,TCI,Transport Corporation of India Limited
581,IBREALEST,Indiabulls Real Estate Limited
582,JINDWORLD,Jindal Worldwide Limited
583,EMUDHRA,eMudhra Limited
584,PDSL,PDS Limited
585,GANESHHOUC,Ganesh Housing Corporation Limited
586,CSBBANK,CSB Bank Limited
587,SHAREINDIA,Share India Securities Limited
588,IFBIND,IFB Industries Limited
589,PRINCEPIPE,Prince Pipes And Fittings Limited
590,VAIBHAVGBL,Vaibhav Global Limited
591,ARVINDFASN,Arvind Fashions Limited
592,EDELWEISS,Edelweiss Financial Services Limited
593,SENCO,Senco Gold Limited
594,SPANDANA,Spandana Sphoorty Financial Limited
595,INDIGOPNTS,Indigo Paints Limited
596,GENUSPOWER,Genus Power Infrastructures Limited
597,SYMPHONY,Symphony Limited
598,HGINFRA,H.G. Infra Engineering Limited
599,TIPSINDLTD,TIPS Industries Limited
600,SIS,SIS LIMITED
601,MSTCLTD,Mstc Limited
602,NESCO,Nesco Limited
603,SANGHVIMOV,Sanghvi Movers Limited
604,SANDUMA,Sandur Manganese & Iron Ores Limited
605,UJJIVAN,Ujjivan Financial Services Limited
606,ITDCEM,ITD Cementation India Limited
607,CYIENTDLM,Cyient DLM Limited
608,EPL,EPL Limited
609,SUPRAJIT,Suprajit Engineering Limited
610,SUNTECK,Sunteck Realty Limited
611,HEMIPROP,Hemisphere Properties India Limited
612,MOIL,MOIL Limited
613,TIMETECHNO,Time Technoplast Limited
614,ASTRAMICRO,Astra Microwave Products Limited
615,TRIL,Transformers And Rectifiers (India) Limited
616,WONDERLA,Wonderla Holidays Limited
617,ASKAUTOLTD,ASK Automotive Limited
618,LLOYDSENGG,LLOYDS ENGINEERING WORKS LIMITED
619,GMMPFAUDLR,GMM Pfaudler Limited
620,SURYAROSNI,Surya Roshni Limited
621,VSTIND,VST Industries Limited
622,PTC,PTC India Limited
623,JKPAPER,JK Paper Limited
624,SANSERA,Sansera Engineering Limited
625,CHOICEIN,Choice International Limited
626,AURIONPRO,Aurionpro Solutions Limited
627,PAISALO,Paisalo Digital Limited
628,ITDC,India Tourism Development Corporation Limited
629,HNDFDS,Hindustan Foods Limited
630,PARADEEP,Paradeep Phosphates Limited
631,KESORAMIND,Kesoram Industries Limited
632,HCC,Hindustan Construction Company Limited
633,ORCHPHARMA,Orchid Pharma Limited
634,JAMNAAUTO,Jamna Auto Industries Limited
635,ICRA,ICRA Limited
636,RSYSTEMS,R Systems International Limited
637,PRUDENT,Prudent Corporate Advisory Services Limited
638,MTARTECH,Mtar Technologies Limited
639,UTKARSHBNK,Utkarsh Small Finance Bank Limited
640,RAIN,Rain Industries Limited
641,DYNAMATECH,Dynamatic Technologies Limited
642,JAICORPLTD,Jai Corp Limited
643,RBA,Restaurant Brands Asia Limited
644,GATEWAY,Gateway Distriparks Limited
645,PURVA,Puravankara Limited
646,GUJALKALI,Gujarat Alkalies and Chemicals Limited
647,NAZARA,Nazara Technologies Limited
648,RALLIS,Rallis India Limited
649,VRLLOG,VRL Logistics Limited
650,GABRIEL,Gabriel India Limited
651,DODLA,Dodla Dairy Limited
652,JKIL,J.Kumar Infraprojects Limited
653,ROLEXRINGS,Rolex Rings Limited
654,WABAG,VA Tech Wabag Limited
655,PRICOLLTD,Pricol Limited
656,HCG,Healthcare Global Enterprises Limited
657,AGI,AGI Greenpac Limited
658,DBCORP,D.B.Corp Limited
659,FUSION,Fusion Micro Finance Limited
660,DHANUKA,Dhanuka Agritech Limited
661,MASFIN,MAS Financial Services Limited
662,SULA,Sula Vineyards Limited
663,TDPOWERSYS,TD Power Systems Limited
664,GALLANTT,Gallantt Ispat Limited
665,JAYNECOIND,Jayaswal Neco Industries Limited
666,GULFOILLUB,Gulf Oil Lubricants India Limited
667,SAMHI,Samhi Hotels Limited
668,TEAMLEASE,Teamlease Services Limited
669,KIRLPNU,Kirloskar Pneumatic Company Limited
670,EPIGRAL,Epigral Limited
671,TIIL,Technocraft Industries (India) Limited
672,GOPAL,Gopal Snacks Limited
673,JTEKTINDIA,Jtekt India Limited
674,HEIDELBERG,HeidelbergCement India Limited
675,SUNDARMHLD,Sundaram Finance Holdings Limited
676,RTNPOWER,RattanIndia Power Limited
677,STLTECH,Sterlite Technologies Limited
678,JPASSOCIAT,Jaiprakash Associates Limited
679,PATELENG,Patel Engineering Limited
680,ASHOKA,Ashoka Buildcon Limited
681,SINDHUTRAD,Sindhu Trade Links Limited
682,PGEL,PG Electroplast Limited
683,NFL,National Fertilizers Limited
684,ENTERO,Entero Healthcare Solutions Limited
685,JSFB,Jana Small Finance Bank Limited
686,GOKEX,Gokaldas Exports Limited
687,BANCOINDIA,Banco Products (I) Limited
688,VMART,V-Mart Retail Limited
689,SHANTIGEAR,Shanthi Gears Limited
690,GHCL,GHCL Limited
691,SUDARSCHEM,Sudarshan Chemical Industries Limited
692,WELENT,Welspun Enterprises Limited
693,FEDFINA,Fedbank Financial Services Limited
694,NOCIL,NOCIL Limited
695,TARC,TARC Limited
696,KKCL,Kewal Kiran Clothing Limited
697,ORIENTELEC,Orient Electric Limited
698,BOROLTD,Borosil Limited
699,KIRLOSIND,Kirloskar Industries Limited
700,BALMLAWRIE,Balmer Lawrie & Company Limited
701,FCL,Fineotex Chemical Limited
702,GRWRHITECH,Garware Hi-Tech Films Limited
703,SHARDAMOTR,Sharda Motor Industries Limited
704,PARKHOTELS,Apeejay Surrendra Park Hotels Limited
705,MAXESTATES,Max Estates Limited
706,TI,Tilaknagar Industries Limited
707,AMIORG,Ami Organics Limited
708,ORIENTCEM,Orient Cement Limited
709,SHILPAMED,Shilpa Medicare Limited
710,AARTIDRUGS,Aarti Drugs Limited
711,LGBBROSLTD,LG Balakrishnan & Bros Limited
712,AARTIPHARM,Aarti Pharmalabs Limited
713,TCIEXP,TCI Express Limited
714,WSTCSTPAPR,West Coast Paper Mills Limited
715,ADVENZYMES,Advanced Enzyme Technologies Limited
716,PRIVISCL,Privi Speciality Chemicals Limited
717,GREENPANEL,Greenpanel Industries Limited
718,VENUSPIPES,Venus Pipes & Tubes Limited
719,BBOX,Black Box Limited
720,IIFLSEC,IIFL Securities Limited
721,PILANIINVS,Pilani Investment and Industries Corporation Limited
722,ROSSARI,Rossari Biotech Limited
723,KSL,Kalyani Steels Limited
724,DCBBANK,DCB Bank Limited
725,IMAGICAA,Imagicaaworld Entertainment Limited
726,BAJAJHIND,Bajaj Hindusthan Sugar Limited
727,DCAL,Dishman Carbogen Amcis Limited
728,HARSHA,Harsha Engineers International Limited
729,BBL,Bharat Bijlee Limited
730,YATHARTH,Yatharth Hospital & Trauma Care Services Limited
731,ORISSAMINE,The Orissa Minerals Development Company Limited
732,THANGAMAYL,Thangamayil Jewellery Limited
733,ZAGGLE,Zaggle Prepaid Ocean Services Limited
734,BHARATRAS,Bharat Rasayan Limited
735,KOLTEPATIL,Kolte - Patil Developers Limited
736,KSCL,Kaveri Seed Company Limited
737,MEDIASSIST,Medi Assist Healthcare Services Limited
738,INOXGREEN,Inox Green Energy Services Limited
739,HATHWAY,Hathway Cable & Datacom Limited
740,SSWL,Steel Strips Wheels Limited
741,UNICHEMLAB,Unichem Laboratories Limited
742,CIGNITITEC,Cigniti Technologies Limited
743,IMFA,Indian Metals & Ferro Alloys Limited
744,ASHAPURMIN,Ashapura Minechem Limited
745,HGS,Hinduja Global Solutions Limited
746,MUTHOOTMF,Muthoot Microfin Limited
747,SUBROS,Subros Limited
748,RAMKY,Ramky Infrastructure Limited
749,SUNFLAG,Sunflag Iron And Steel Company Limited
750,CARERATING,CARE Ratings Limited
751,GENSOL,Gensol Engineering Limited
752,SKIPPER,Skipper Limited
753,LAOPALA,La Opala RG Limited
754,LUMAXTECH,Lumax Auto Technologies Limited
755,DCXINDIA,DCX Systems Limited
756,BOMDYEING,Bombay Dyeing & Mfg Company Limited
757,HIKAL,Hikal Limited
758,JISLJALEQS,Jain Irrigation Systems Limited
759,CUPID,Cupid Limited
760,AVALON,Avalon Technologies Limited
761,LUXIND,Lux Industries Limited
762,NUCLEUS,Nucleus Software Exports Limited
763,TASTYBITE,Tasty Bite Eatables Limited
764,SOTL,Savita Oil Technologies Limited
765,ARVSMART,Arvind SmartSpaces Limited
766,SANDHAR,Sandhar Technologies Limited
767,SALASAR,Salasar Techno Engineering Limited
768,NEOGEN,Neogen Chemicals Limited
769,DATAMATICS,Datamatics Global Services Limited
770,JTLIND,JTL INDUSTRIES LIMITED
771,ANUP,The Anup Engineering Limited
772,HERITGFOOD,Heritage Foods Limited
773,THYROCARE,Thyrocare Technologies Limited
774,VADILALIND,Vadilal Industries Limited
775,NAVNETEDUL,Navneet Education Limited
776,DISHTV,Dish TV India Limited
777,KDDL,KDDL Limited
778,KALAMANDIR,Sai Silks (Kalamandir) Limited
779,LANDMARK,Landmark Cars Limited
780,INDOCO,Indoco Remedies Limited
781,BAJAJCON,Bajaj Consumer Care Limited
782,TVSSRICHAK,TVS Srichakra Limited
783,CARTRADE,Cartrade Tech Limited
784,SBCL,Shivalik Bimetal Controls Limited
785,FIEMIND,Fiem Industries Limited
786,PRAKASH,Prakash Industries Limited
787,DELTACORP,Delta Corp Limited
788,RAJRATAN,Rajratan Global Wire Limited
789,IDEAFORGE,Ideaforge Technology Limited
790,MAHLOG,Mahindra Logistics Limited
791,PFOCUS,Prime Focus Limited
792,GREAVESCOT,Greaves Cotton Limited
793,DOLLAR,Dollar Industries Limited
794,UFLEX,UFLEX Limited
795,UNITECH,Unitech Limited
796,BFUTILITIE,BF Utilities Limited
797,SHARDACROP,Sharda Cropchem Limited
798,BANARISUG,Bannari Amman Sugars Limited
799,SEQUENT,Sequent Scientific Limited
800,GREENPLY,Greenply Industries Limited
801,MAITHANALL,Maithan Alloys Limited
802,SHK,S H Kelkar and Company Limited
803,SUNCLAY,Sundaram Clayton Limited
804,GUFICBIO,Gufic Biosciences Limited
805,BLSE,BLS E-Services Limited
806,DIACABS,Diamond Power Infrastructure Limited
807,ESAFSFB,ESAF Small Finance Bank Limited
808,VSTTILLERS,V.S.T Tillers Tractors Limited
809,HLEGLAS,HLE Glascoat Limited
810,BCG,Brightcom Group Limited
811,GOODLUCK,Goodluck India Limited
812,SWARAJENG,Swaraj Engines Limited
813,SEAMECLTD,Seamec Limited
814,SMLISUZU,SML Isuzu Limited
815,ASHIANA,Ashiana Housing Limited
816,DALMIASUG,Dalmia Bharat Sugar and Industries Limited
817,HINDWAREAP,Hindware Home Innovation Limited
818,SAGCEM,Sagar Cements Limited
819,SAKSOFT,Saksoft Limited
820,APOLLO,Apollo Micro Systems Limited
821,SUPRIYA,Supriya Lifescience Limited
822,AUTOAXLES,Automotive Axles Limited
823,STYLAMIND,Stylam Industries Limited
824,FLAIR,Flair Writing Industries Limited
825,VINDHYATEL,Vindhya Telelinks Limited
826,CARYSIL,CARYSIL LIMITED
827,THEJO,Thejo Engineering Limited
828,MPSLTD,MPS Limited
829,MARATHON,Marathon Nextgen Realty Limited
830,ISMTLTD,ISMT Limited
831,FILATEX,Filatex India Limited
832,NRBBEARING,NRB Bearing Limited
833,JCHAC,Johnson Controls - Hitachi Air Conditioning India Limited
834,MOLDTKPAC,Mold-Tek Packaging Limited
835,DREAMFOLKS,Dreamfolks Services Limited
836,GMRP&UI,GMR Power and Urban Infra Limited
837,SHALBY,Shalby Limited
838,INNOVACAP,Innova Captab Limited
839,PFS,PTC India Financial Services Limited
840,AJMERA,Ajmera Realty & Infra India Limited
841,HMAAGRO,HMA Agro Industries Limited
842,NILKAMAL,Nilkamal Limited
843,RPGLIFE,RPG Life Sciences Limited
844,TATVA,Tatva Chintan Pharma Chem Limited
845,STYRENIX,Styrenix Performance Materials Limited
846,QUICKHEAL,Quick Heal Technologies Limited
847,ACCELYA,Accelya Solutions India Limited
848,REPCOHOME,Repco Home Finance Limited
849,PCJEWELLER,PC Jeweller Limited
850,APOLLOPIPE,Apollo Pipes Limited
851,GANECOS,Ganesha Ecosphere Limited
852,PARAGMILK,Parag Milk Foods Limited
853,BAJEL,Bajel Projects Limited
854,PSPPROJECT,PSP Projects Limited
855,GIPCL,Gujarat Industries Power Company Limited
856,XPROINDIA,Xpro India Limited
857,PITTIENG,Pitti Engineering Limited
858,SHAKTIPUMP,Shakti Pumps (India) Limited
859,TIDEWATER,Tide Water Oil Company (India) Limited
860,SHAILY,Shaily Engineering Plastics Limited
861,EVEREADY,Eveready Industries India Limited
862,CONFIPET,Confidence Petroleum India Limited
863,POLYPLEX,Polyplex Corporation Limited
864,TAJGVK,Taj GVK Hotels & Resorts Limited
865,TIRUMALCHM,Thirumalai Chemicals Limited
866,SPECTRUM,Spectrum Electrical Industries Limited
867,PARAS,Paras Defence and Space Technologies Limited
868,EXICOM,Exicom Tele-Systems Limited
869,PGIL,Pearl Global Industries Limited
870,MANORAMA,Manorama Industries Limited
871,SOMANYCERA,Somany Ceramics Limited
872,KINGFA,Kingfa Science & Technology (India) Limited
873,FINOPB,Fino Payments Bank Limited
874,UNIPARTS,Uniparts India Limited
875,INDOSTAR,IndoStar Capital Finance Limited
876,DIVGIITTS,Divgi Torqtransfer Systems Limited
877,HINDOILEXP,Hindustan Oil Exploration Company Limited
878,SEPC,SEPC Limited
879,INDIAGLYCO,India Glycols Limited
880,IPL,India Pesticides Limited
881,GENESYS,Genesys International Corporation Limited
882,SANGHIIND,Sanghi Industries Limited
883,BSHSL,Bombay Super Hybrid Seeds Limited
884,SATIN,Satin Creditcare Network Limited
885,AXISCADES,AXISCADES Technologies Limited
886,ARTEMISMED,Artemis Medicare Services Limited
887,SASKEN,Sasken Technologies Limited
888,EIHAHOTELS,EIH Associated Hotels Limited
889,DHANI,Dhani Services Limited
890,PRECWIRE,Precision Wires India Limited
891,VIDHIING,Vidhi Specialty Food Ingredients Limited
892,APCOTEXIND,Apcotex Industries Limited
893,HUHTAMAKI,Huhtamaki India Limited
894,LUMAXIND,Lumax Industries Limited
895,GOCLCORP,GOCL Corporation Limited
896,WENDT,Wendt (India) Limited
897,DEN,Den Networks Limited
898,YATRA,Yatra Online Limited
899,HONDAPOWER,Honda India Power Products Limited
900,KCP,KCP Limited
901,EMSLIMITED,EMS Limited
902,JAGRAN,Jagran Prakashan Limited
903,SANGAMIND,Sangam (India) Limited
904,BEPL,Bhansali Engineering Polymers Limited
905,CAPACITE,Capacit'e Infraprojects Limited
906,NPST,Network People Services Technologies Limited
907,SUVEN,Suven Life Sciences Limited
908,MANINDS,Man Industries (India) Limited
909,DIAMONDYD,Prataap Snacks Limited
910,CENTUM,Centum Electronics Limited
911,VENKEYS,Venky's (India) Limited
912,IKIO,IKIO Lighting Limited
913,TCNSBRANDS,TCNS Clothing Co. Limited
914,OPTIEMUS,Optiemus Infracom Limited
915,MOREPENLAB,Morepen Laboratories Limited
916,MUKANDLTD,Mukand Limited
917,UDS,Updater Services Limited
918,ALEMBICLTD,Alembic Limited
919,RAMASTEEL,Rama Steel Tubes Limited
920,IOLCP,IOL Chemicals and Pharmaceuticals Limited
921,MBAPL,Madhya Bharat Agro Products Limited
922,MMFL,MM Forgings Limited
923,VAKRANGEE,Vakrangee Limited
924,TARSONS,Tarsons Products Limited
925,ASTEC,Astec LifeSciences Limited
926,JSLL,Jeena Sikho Lifecare Limited
927,VISHNU,Vishnu Chemicals Limited
928,TTKHLTCARE,TTK Healthcare Limited
929,MTNL,Mahanagar Telephone Nigam Limited
930,RPTECH,Rashi Peripherals Limited
931,RPSGVENT,RPSG VENTURES LIMITED
932,ORIENTHOT,Oriental Hotels Limited
933,GTLINFRA,GTL Infrastructure Limited
934,WEBELSOLAR,Websol Energy System Limited
935,JASH,Jash Engineering Limited
936,UGROCAP,Ugro Capital Limited
937,SDBL,Som Distilleries & Breweries Limited
938,HPL,HPL Electric & Power Limited
939,TCPLPACK,TCPL Packaging Limited
940,ADFFOODS,ADF Foods Limited
941,HMT,HMT Limited
942,MOL,Meghmani Organics Limited
943,MUFIN,Mufin Green Finance Limited
944,THEMISMED,Themis Medicare Limited
945,PANAMAPET,Panama Petrochem Limited
946,MANGLMCEM,Mangalam Cement Limited
947,SIGNPOST,Signpost India Limited
948,HITECH,Hi-Tech Pipes Limited
949,MAYURUNIQ,Mayur Uniquoters Ltd
950,SIYSIL,Siyaram Silk Mills Limited
951,JINDALPOLY,Jindal Poly Films Limited
952,KRSNAA,Krsnaa Diagnostics Limited
953,DEEPINDS,Deep Industries Limited
954,PNBGILTS,PNB Gilts Limited
955,HIL,HIL Limited
956,RICOAUTO,Rico Auto Industries Limited
957,BFINVEST,BF Investment Limited
958,GANDHAR,Gandhar Oil Refinery (India) Limited
959,IFGLEXPOR,IFGL Refractories Limited
960,BARBEQUE,Barbeque Nation Hospitality Limited
961,ANDHRAPAP,ANDHRA PAPER LIMITED
962,IRMENERGY,IRM Energy Limited
963,RIIL,Reliance Industrial Infrastructure Limited
964,SHRIRAMPPS,Shriram Properties Limited
965,GLOBUSSPR,Globus Spirits Limited
966,DREDGECORP,Dredging Corporation of India Limited
967,RUPA,Rupa & Company Limited
968,SJS,S.J.S. Enterprises Limited
969,PARACABLES,Paramount Communications Limited
970,EXPLEOSOL,Expleo Solutions Limited
971,PRECAM,Precision Camshafts Limited
972,BHARATWIRE,Bharat Wire Ropes Limited
973,GTPL,GTPL Hathway Limited
974,VPRPL,Vishnu Prakash R Punglia Limited
975,ADORWELD,Ador Welding Limited
976,DPABHUSHAN,D. P. Abhushan Limited
977,FOSECOIND,Foseco India Limited
978,SCILAL,Shipping Corporation of India Land and Assets Limited
979,SESHAPAPER,Seshasayee Paper and Boards Limited
980,JINDRILL,Jindal Drilling And Industries Limited
981,YASHO,Yasho Industries Limited
982,GREENPOWER,Orient Green Power Company Limited
983,NITINSPIN,Nitin Spinners Limited
984,GOLDIAM,Goldiam International Limited
985,PIXTRANS,Pix Transmissions Limited
986,SIGACHI,Sigachi Industries Limited
987,ARMANFIN,Arman Financial Services Limited
988,MONARCH,Monarch Networth Capital Limited
989,AMRUTANJAN,Amrutanjan Health Care Limited
990,FMGOETZE,Federal-Mogul Goetze (India) Limited.
991,PENIND,Pennar Industries Limited
992,GEPIL,GE Power India Limited
993,PVSL,Popular Vehicles and Services Limited
994,JUBLINDS,Jubilant Industries Limited
995,63MOONS,63 moons technologies limited
996,CANTABIL,Cantabil Retail India Limited
997,RAMCOIND,Ramco Industries Limited
998,JYOTISTRUC,Jyoti Structures Limited
999,VSSL,Vardhman Special Steels Limited
1000,HERCULES,Hercules Hoists Limited
1001,NSIL,Nalwa Sons Investments Limited
1002,HLVLTD,HLV LIMITED
1003,SURYODAY,Suryoday Small Finance Bank Limited
1004,TNPL,Tamil Nadu Newsprint & Papers Limited
1005,SUBEXLTD,Subex Limited
1006,RISHABH,Rishabh Instruments Limited
1007,SERVOTECH,Servotech Power Systems Limited
1008,BHAGCHEM,Bhagiradha Chemicals & Industries Limited
1009,ATFL,Agro Tech Foods Limited
1010,OMAXE,Omaxe Limited
1011,EVERESTIND,Everest Industries Limited
1012,PREMEXPLN,Premier Explosives Limited
1013,GNA,GNA Axles Limited
1014,GOKULAGRO,Gokul Agro Resources Limited
1015,TALBROAUTO,Talbros Automotive Components Limited
1016,DCMSRIND,DCM Shriram Industries Limited
1017,NELCO,NELCO Limited
1018,KICL,Kalyani Investment Company Limited
1019,MOTISONS,Motisons Jewellers Limited
1020,5PAISA,5Paisa Capital Limited
1021,KIRIINDUS,Kiri Industries Limited
1022,CAPITALSFB,Capital Small Finance Bank Limited
1023,INDRAMEDCO,Indraprastha Medical Corporation Limited
1024,AEROFLEX,Aeroflex Industries Limited
1025,SIRCA,Sirca Paints India Limited
1026,SHANKARA,Shankara Building Products Limited
1027,FAIRCHEMOR,Fairchem Organics Limited
1028,BLKASHYAP,B. L. Kashyap and Sons Limited
1029,TFCILTD,Tourism Finance Corporation of India Limited
1030,SADHNANIQ,Sadhana Nitrochem Limited
1031,INDNIPPON,India Nippon Electricals Limited
1032,GVKPIL,GVK Power & Infrastructure Limited
1033,RANEHOLDIN,Rane Holdings Limited
1034,GEOJITFSL,Geojit Financial Services Limited
1035,DCW,DCW Limited
1036,SBGLP,Suratwwala Business Group Limited
1037,BCLIND,Bcl Industries Limited
1038,SMSPHARMA,SMS Pharmaceuticals Limited
1039,DPSCLTD,DPSC Limited
1040,CAMLINFINE,Camlin Fine Sciences Limited
1041,CONTROLPR,Control Print Limited
1042,REFEX,Refex Industries Limited
1043,KRISHANA,Krishana Phoschem Limited
1044,EKC,Everest Kanto Cylinder Limited
1045,WHEELS,Wheels India Limited
1046,JITFINFRA,JITF Infralogistics Limited
1047,V2RETAIL,V2 Retail Limited
1048,SALZERELEC,Salzer Electronics Limited
1049,UNIVCABLES,Universal Cables Limited
1050,SPAL,S. P. Apparels Limited
1051,EPACK,EPACK Durable Limited
1052,SWELECTES,Swelect Energy Systems Limited
1053,GPTHEALTH,GPT Healthcare Limited
1054,HITECHGEAR,The Hi-Tech Gears Limited
1055,INSECTICID,Insecticides (India) Limited
1056,PENINLAND,Peninsula Land Limited
1057,SHREDIGCEM,Shree Digvijay Cement Co.Ltd
1058,SPIC,Southern Petrochemicals Industries Corporation  Limited
1059,NIITLTD,NIIT Limited
1060,BIGBLOC,Bigbloc Construction Limited
1061,ORIANA,Oriana Power Limited
1062,SPCENET,Spacenet Enterprises India Limited
1063,SHALPAINTS,Shalimar Paints Limited
1064,KAMDHENU,Kamdhenu Limited
1065,STOVEKRAFT,Stove Kraft Limited
1066,RKSWAMY,R K Swamy Limited
1067,NAVKARCORP,Navkar Corporation Limited
1068,BUTTERFLY,Butterfly Gandhimathi Appliances Limited
1069,DHAMPURSUG,Dhampur Sugar Mills Limited
1070,NDTV,New Delhi Television Limited
1071,ARIHANTSUP,Arihant Superstructures Limited
1072,VASCONEQ,Vascon Engineers Limited
1073,KUANTUM,Kuantum Papers Limited
1074,APTECHT,Aptech Limited
1075,INDIANHUME,Indian Hume Pipe Company Limited
1076,ROSSELLIND,Rossell India Limited
1077,AHL,Abans Holdings Limited
1078,SOLARA,Solara Active Pharma Sciences Limited
1079,SUMMITSEC,Summit Securities Limited
1080,ALICON,Alicon Castalloy Limited
1081,KSOLVES,Ksolves India Limited
1082,IGPL,IG Petrochemicals Limited
1083,STEELCAS,Steelcast Limited
1084,POKARNA,Pokarna Limited
1085,ATL,Allcargo Terminals Limited
1086,ATULAUTO,Atul Auto Limited
1087,GANESHBE,Ganesh Benzoplast Limited
1088,COSMOFIRST,COSMO FIRST LIMITED
1089,AWHCL,Antony Waste Handling Cell Limited
1090,DWARKESH,Dwarikesh Sugar Industries Limited
1091,HARIOMPIPE,Hariom Pipe Industries Limited
1092,SMCGLOBAL,SMC Global Securities Limited
1093,MADRASFERT,Madras Fertilizers Limited
1094,DSSL,Dynacons Systems & Solutions Limited
1095,STEELXIND,STEEL EXCHANGE INDIA LIMITED
1096,MONTECARLO,Monte Carlo Fashions Limited
1097,E2E,E2E Networks Limited
1098,VERTOZ,Vertoz Advertising Limited
1099,GIRIRAJ,Giriraj Civil Developers Limited
1100,NGLFINE,NGL Fine-Chem Limited
1101,IGARASHI,Igarashi Motors India Limited
1102,JAYBARMARU,Jay Bharat Maruti Limited
1103,AVTNPL,AVT Natural Products Limited
1104,SKYGOLD,Sky Gold Limited
1105,TVTODAY,TV Today Network Limited
1106,XCHANGING,Xchanging Solutions Limited
1107,ANDHRSUGAR,The Andhra Sugars Limited
1108,ACLGATI,Allcargo Gati Limited
1109,KOPRAN,Kopran Limited
1110,ENIL,Entertainment Network (India) Limited
1111,VERANDA,Veranda Learning Solutions Limited
1112,MVGJL,Manoj Vaibhav Gems N Jewellers Limited
1113,OMINFRAL,OM INFRA LIMITED
1114,ZOTA,Zota Health Care LImited
1115,SNOWMAN,Snowman Logistics Limited
1116,RAJRILTD,Raj Rayon Industries Limited
1117,PUNJABCHEM,Punjab Chemicals & Crop Protection Limited
1118,KITEX,Kitex Garments Limited
1119,TEXINFRA,Texmaco Infrastructure & Holdings Limited
1120,IMPAL,India Motor Parts and Accessories Limited
1121,HIMATSEIDE,Himatsingka Seide Limited
1122,DOLATALGO,Dolat Algotech Limited
1123,MANGCHEFER,Mangalore Chemicals & Fertilizers Limited
1124,AGARIND,Agarwal Industrial Corporation Limited
1125,REPRO,Repro India Limited
1126,DOLPHIN,Dolphin Offshore Enterprises (India) Limited
1127,UTTAMSUGAR,Uttam Sugar Mills Limited
1128,CENTRUM,Centrum Capital Limited
1129,HESTERBIO,Hester Biosciences Limited
1130,BETA,Beta Drugs Limited
1131,MARINE,Marine Electricals (India) Limited
1132,BLISSGVS,Bliss GVS Pharma Limited
1133,MSPL,MSP Steel & Power Limited
1134,LINCOLN,Lincoln Pharmaceuticals Limited
1135,SAURASHCEM,Saurashtra Cement Limited
1136,MATRIMONY,Matrimony.Com Limited
1137,HARDWYN,Hardwyn India Limited
1138,GMBREW,GM Breweries Limited
1139,SURAJEST,Suraj Estate Developers Limited
1140,SICALLOG,Sical Logistics Limited
1141,TREL,Transindia Real Estate Limited
1142,PAKKA,PAKKA LIMITED
1143,HERANBA,Heranba Industries Limited
1144,RAMRAT,Ram Ratna Wires Limited
1145,DVL,Dhunseri Ventures Limited
1146,NACLIND,NACL Industries Limited
1147,RML,Rane (Madras) Limited
1148,NELCAST,Nelcast Limited
1149,KOKUYOCMLN,Kokuyo Camlin Limited
1150,ALLSEC,Allsec Technologies Limited
1151,MACPOWER,Macpower CNC Machines Limited
1152,INNOVANA,Innovana Thinklabs Limited
1153,ROTO,Roto Pumps Limited
1154,STERTOOLS,Sterling Tools Limited
1155,MUKKA,Mukka Proteins Limited
1156,TIL,TIL Limited
1157,CSLFINANCE,CSL Finance Limited
1158,GICHSGFIN,GIC Housing Finance Limited
1159,SATIA,Satia Industries Limited
1160,MUFTI,Credo Brands Marketing Limited
1161,CREST,Crest Ventures Limited
1162,AVADHSUGAR,Avadh Sugar & Energy Limited
1163,WINDLAS,Windlas Biotech Limited
1164,KRYSTAL,Krystal Integrated Services Limited
1165,YUKEN,Yuken India Limited
1166,ASIANENE,Asian Energy Services Limited
1167,SPORTKING,Sportking India Limited
1168,KOTYARK,Kotyark Industries Limited
1169,CLSEL,Chaman Lal Setia Exports Limited
1170,KAMOPAINTS,Kamdhenu Ventures Limited
1171,HUBTOWN,Hubtown Limited
1172,VALIANTORG,Valiant Organics Limited
1173,INDOTECH,Indo Tech Transformers Limited
1174,COFFEEDAY,Coffee Day Enterprises Limited
1175,SYNCOMF,Syncom Formulations (India) Limited
1176,NDRAUTO,Ndr Auto Components Limited
1177,DHANBANK,Dhanlaxmi Bank Limited
1178,ONEPOINT,One Point One Solutions Limited
1179,HIRECT,Hind Rectifiers Limited
1180,KABRAEXTRU,Kabra Extrusion Technik Limited
1181,REMUS,Remus Pharmaceuticals Limited
1182,INDORAMA,Indo Rama Synthetics (India) Limited
1183,GULPOLY,Gulshan Polyols Limited
1184,HEUBACHIND,Heubach Colorants India Limited
1185,OAL,Oriental Aromatics Limited
1186,CREATIVE,Creative Newtech Limited
1187,ONWARDTEC,Onward Technologies Limited
1188,URJA,Urja Global Limited
1189,PVP,PVP Ventures Limited
1190,ROHLTD,Royal Orchid Hotels Limited
1191,BLAL,BEML Land Assets Limited
1192,SATINDLTD,Sat Industries Limited
1193,VIMTALABS,Vimta Labs Limited
1194,ZUARIIND,ZUARI INDUSTRIES LIMITED
1195,GSLSU,Global Surfaces Limited
1196,NAHARSPING,Nahar Spinning Mills Limited
1197,MANALIPETC,Manali Petrochemicals Limited
1198,SASTASUNDR,Sastasundar Ventures Limited
1199,DLINKINDIA,D-Link (India) Limited
1200,RGL,Renaissance Global Limited
1201,FOCUS,Focus Lighting and Fixtures Limited
1202,GANDHITUBE,Gandhi Special Tubes Limited
1203,KELLTONTEC,Kellton Tech Solutions Limited
1204,PLATIND,Platinum Industries Limited
1205,KERNEX,Kernex Microsystems (India) Limited
1206,RAMCOSYS,Ramco Systems Limited
1207,WALCHANNAG,Walchandnagar Industries Limited
1208,CHEMFAB,Chemfab Alkalis Limited
1209,UNIENTER,Uniphos Enterprises Limited
1210,SARVESHWAR,Sarveshwar Foods Limited
1211,BODALCHEM,Bodal Chemicals Limited
1212,SEMAC,SEMAC CONSULTANTS LIMITED
1213,VISAKAIND,Visaka Industries Limited
1214,LIKHITHA,Likhitha Infrastructure Limited
1215,WEL,Wonder Electricals Limited
1216,ASAL,Automotive Stampings and Assemblies Limited
1217,AMNPLST,Amines & Plasticizers Limited
1218,GPTINFRA,GPT Infraprojects Limited
1219,NINSYS,NINtec Systems Limited
1220,SHIVALIK,Shivalik Rasayan Limited
1221,VHL,Vardhman Holdings Limited
1222,OWAIS,Owais Metal And Mineral Processing Limited
1223,TRACXN,Tracxn Technologies Limited
1224,EXCELINDUS,Excel Industries Limited
1225,INFOBEAN,InfoBeans Technologies Limited
1226,SANDESH,The Sandesh Limited
1227,EIMCOELECO,Eimco Elecon (India) Limited
1228,CENTENKA,Century Enka Limited
1229,HPAL,HP Adhesives Limited
1230,MICEL,MIC Electronics Limited
1231,FAZE3Q,Faze Three Limited
1232,ORIENTPPR,Orient Paper & Industries Limited
1233,MAXIND,Max India Limited
1234,GRPLTD,GRP Limited
1235,DENORA,De Nora India Limited
1236,ASALCBR,Associated Alcohols & Breweries Ltd.
1237,GKWLIMITED,GKW Limited
1238,VLSFINANCE,VLS Finance Limited
1239,SPECIALITY,Speciality Restaurants Limited
1240,CHEMCON,Chemcon Speciality Chemicals Limited
1241,SRHHYPOLTD,Sree Rayalaseema Hi-Strength Hypo Limited
1242,PPL,Prakash Pipes Limited
1243,NCLIND,NCL Industries Limited
1244,HEXATRADEX,Hexa Tradex Limited
1245,DECCANCE,Deccan Cements Limited
1246,SUTLEJTEX,Sutlej Textiles and Industries Limited
1247,SPENCERS,Spencer's Retail Limited
1248,BASILIC,Basilic Fly Studio Limited
1249,SILVERTUC,Silver Touch Technologies Limited
1250,SCHAND,S Chand And Company Limited
1251,AGSTRA,AGS Transact Technologies Limited
1252,DYCL,Dynamic Cables Limited
1253,ALPEXSOLAR,Alpex Solar Limited
1254,RADIANTCMS,Radiant Cash Management Services Limited
1255,AMBIKCO,Ambika Cotton Mills Limited
1256,BAJAJHCARE,Bajaj Healthcare Limited
1257,RSWM,RSWM Limited
1258,SAKAR,Sakar Healthcare Limited
1259,MUNJALAU,Munjal Auto Industries Limited
1260,HMVL,Hindustan Media Ventures Limited
1261,ELDEHSG,Eldeco Housing And Industries Limited
1262,INDOAMIN,Indo Amines Limited
1263,DENTALKART,Vasa Denticity Limited
1264,VIKASLIFE,Vikas Lifecare Limited
1265,RUSHIL,Rushil Decor Limited
1266,ADSL,Allied Digital Services Limited
1267,BCONCEPTS,Brand Concepts Limited
1268,DBOL,Dhampur Bio Organics Limited
1269,LINC,Linc Limited
1270,RADHIKAJWE,Radhika Jeweltech Limited
1271,DHARMAJ,Dharmaj Crop Guard Limited
1272,MAGADSUGAR,Magadh Sugar & Energy Limited
1273,CHEVIOT,Cheviot Company Limited
1274,VINYAS,Vinyas Innovative Technologies Limited
1275,BALAJITELE,Balaji Telefilms Limited
1276,OSWALGREEN,Oswal Greentech Limited
1277,ICEMAKE,Ice Make Refrigeration Limited
1278,GFLLIMITED,GFL Limited
1279,PANACEABIO,Panacea Biotec Limited
1280,STCINDIA,The State Trading Corporation of India Limited
1281,TRU,TruCap Finance Limited
1282,UGARSUGAR,The Ugar Sugar Works Limited
1283,MAANALU,Maan Aluminium Limited
1284,NRAIL,N R Agarwal Industries Limited
1285,JAGSNPHARM,Jagsonpal Pharmaceuticals Limited
1286,GHCLTEXTIL,GHCL Textiles Limited
1287,ASIANTILES,Asian Granito India Limited
1288,DAVANGERE,Davangere Sugar Company Limited
1289,POCL,Pondy Oxides & Chemicals Limited
1290,KOTHARIPET,Kothari Petrochemicals Limited
1291,CONSOFINVT,Consolidated Finvest & Holdings Limited
1292,ACL,Andhra Cements Limited
1293,ZUARI,Zuari Agro Chemicals Limited
1294,GRMOVER,GRM Overseas Limited
1295,BEDMUTHA,Bedmutha Industries Limited
1296,SUKHJITS,Sukhjit Starch & Chemicals Limited
1297,ESTER,Ester Industries Limited
1298,WSI,W S Industries (I) Limited
1299,TNPETRO,Tamilnadu PetroProducts Limited
1300,FOODSIN,Foods & Inns Limited
1301,THEINVEST,The Investment Trust Of India Limited
1302,DHUNINV,Dhunseri Investments Limited
1303,TBZ,Tribhovandas Bhimji Zaveri Limited
1304,EMKAYTOOLS,Emkay Taps and Cutting Tools Limited
1305,KECL,Kirloskar Electric Company Limited
1306,EMAMIPAP,Emami Paper Mills Limited
1307,ELECTHERM,Electrotherm (India) Limited
1308,LOKESHMACH,Lokesh Machines Limited
1309,SELAN,Selan Exploration Technology Limited
1310,AVG,AVG Logistics Limited
1311,SAHANA,Sahana System Limited
1312,DMCC,DMCC SPECIALITY CHEMICALS LIMITED
1313,NECLIFE,Nectar Lifesciences Limited
1314,BIRLACABLE,Birla Cable Limited
1315,GOACARBON,Goa Carbon Limited
1316,JGCHEM,J.G.Chemicals Limited
1317,ANNAPURNA,Annapurna Swadisht Limited
1318,3IINFOLTD,3i Infotech Limited
1319,WEALTH,Wealth First Portfolio Managers Limited
1320,PARSVNATH,Parsvnath Developers Limited
1321,ADVANIHOTR,Advani Hotels & Resorts (India) Limited
1322,KRITI,Kriti Industries (India) Limited
1323,ELIN,Elin Electronics Limited
1324,DPWIRES,D P Wires Limited
1325,MEGASOFT,Megasoft Limited
1326,OCCL,Oriental Carbon & Chemicals Limited
1327,MUNJALSHOW,Munjal Showa Limited
1328,ZEEMEDIA,Zee Media Corporation Limited
1329,SOLEX,Solex Energy Limited
1330,MMP,MMP Industries Limited
1331,CHEMBOND,Chembond Chemicals Ltd
1332,JAYAGROGN,Jayant Agro Organics Limited
1333,JPOLYINVST,Jindal Poly Investment and Finance Company Limited
1334,MANAKSIA,Manaksia Limited
1335,SREEL,Sreeleathers Limited
1336,ONMOBILE,OnMobile Global Limited
1337,SBC,SBC Exports Limited
1338,SPMLINFRA,SPML Infra Limited
1339,BHAGERIA,Bhageria Industries Limited
1340,VALIANTLAB,Valiant Laboratories Limited
1341,MENONBE,Menon Bearings Limited
1342,KILITCH,Kilitch Drugs (India) Limited
1343,PAVNAIND,Pavna Industries Limited
1344,KHAICHEM,Khaitan Chemicals & Fertilizers Limited
1345,FCSSOFT,FCS Software Solutions Limited
1346,MALLCOM,Mallcom (India) Limited
1347,NRL,Nupur Recyclers Limited
1348,PHANTOMFX,Phantom Digital Effects Limited
1349,APEX,Apex Frozen Foods Limited
1350,KAMATHOTEL,Kamat Hotels (I) Limited
1351,HTMEDIA,HT Media Limited
1352,RUBYMILLS,The Ruby Mills Limited
1353,ALBERTDAVD,Albert David Limited
1354,KODYTECH,Kody Technolab Limited
1355,LGHL,Laxmi Goldorna House Limited
1356,PRIMESECU,Prime Securities Limited
1357,RBZJEWEL,RBZ Jewellers Limited
1358,PLASTIBLEN,Plastiblends India Limited
1359,IRISDOREME,Iris Clothings Limited
1360,PDMJEPAPER,Pudumjee Paper Products Limited
1361,INDSWFTLAB,Ind-Swift Laboratories Limited
1362,MIRZAINT,Mirza International Limited
1363,STEL,Stel Holdings Limited
1364,SAKUMA,Sakuma Exports Limited
1365,SIMPLEXINF,Simplex Infrastructures Limited
1366,ARROWGREEN,Arrow Greentech Limited
1367,VINYLINDIA,Vinyl Chemicals (India) Limited
1368,OSWALAGRO,Oswal Agro Mills Limited
1369,HINDCOMPOS,Hindustan Composites Limited
1370,ARIHANTCAP,Arihant Capital Markets Limited
1371,MBLINFRA,MBL Infrastructure Limited
1372,DEEPENR,DEEP ENERGY RESOURCES LIMITED
1373,ORICONENT,Oricon Enterprises Limited
1374,SHREYAS,Shreyas Shipping & Logistics Limited
1375,SKMEGGPROD,SKM Egg Products Export (India) Limited
1376,ORIENTCER,ORIENT CERATECH LIMITED
1377,DIGISPICE,DiGiSPICE Technologies Limited
1378,ZODIAC,Zodiac Energy Limited
1379,KRISHIVAL,Krishival Foods Limited
1380,JETAIRWAYS,Jet Airways (India) Limited
1381,RATNAVEER,Ratnaveer Precision Engineering Limited
1382,JINDALPHOT,Jindal Photo Limited
1383,RADIOCITY,Music Broadcast Limited
1384,HCL-INSYS,HCL Infosystems Limited
1385,RBL,Rane Brake Lining Limited
1386,KHADIM,Khadim India Limited
1387,AXITA,Axita Cotton Limited
1388,ASMS,Bartronics India Limited
1389,BIRLAMONEY,Aditya Birla Money Limited
1390,VISHNUINFR,Vishnusurya Projects and Infra Limited
1391,VLEGOV,VL E-Governance & IT Solutions Limited
1392,BBTCL,B&B Triplewall Containers Limited
1393,NAGAFERT,Nagarjuna Fertilizers and Chemicals Limited
1394,GEECEE,GeeCee Ventures Limited
1395,RACE,Race Eco Chain Limited
1396,RITCO,Ritco Logistics Limited
1397,TCLCONS,Tantia Constructions Limited
1398,BALAXI,BALAXI PHARMACEUTICALS LIMITED
1399,PYRAMID,Pyramid Technoplast Limited
1400,REMSONSIND,Remsons Industries Limited
1401,UFO,UFO Moviez India Limited
1402,ACCENTMIC,Accent Microcell Limited
1403,PTL,PTL Enterprises Limited
1404,INDOBORAX,Indo Borax & Chemicals Limited
1405,MOLDTECH,Mold-Tek Technologies Limited
1406,MAZDA,Mazda Limited
1407,MINDTECK,Mindteck (India) Limited
1408,COOLCAPS,Cool Caps Industries Limited
1409,ALLETEC,All E Technologies Limited
1410,20MICRONS,20 Microns Limited
1411,VIKASECO,Vikas EcoTech Limited
1412,ORIENTBELL,Orient Bell Limited
1413,DONEAR,Donear Industries Limited
1414,CAREERP,Career Point Limited
1415,INTLCONV,International Conveyors Limited
1416,SHREEPUSHK,Shree Pushkar Chemicals & Fertilisers Limited
1417,PRITIKAUTO,Pritika Auto Industries Limited
1418,DIAMINESQ,Diamines & Chemicals Limited
1419,SILINV,SIL Investments Limited
1420,BANSWRAS,Banswara Syntex Limited
1421,SADBHAV,Sadbhav Engineering Limited
1422,APCL,Anjani Portland Cement Limited
1423,NAHARINDUS,Nahar Industrial Enterprises Limited
1424,DUGLOBAL,DUDIGITAL GLOBAL LIMITED
1425,GEEKAYWIRE,Geekay Wires Limited
1426,SGIL,Synergy Green Industries Limited
1427,TIRUPATI,Shree Tirupati Balajee FIBC Limited
1428,MEDICAMEQ,Medicamen Biotech Limited
1429,MEGATHERM,Megatherm Induction Limited
1430,TPLPLASTEH,TPL Plastech Limited
1431,RSSOFTWARE,R. S. Software (India) Limited
1432,RBMINFRA,Rbm Infracon Limited
1433,WANBURY,Wanbury Limited
1434,GENUSPAPER,Genus Paper & Boards Limited
1435,KANORICHEM,Kanoria Chemicals & Industries Limited
1436,VSTL,Vibhor Steel Tubes Limited
1437,LIBERTSHOE,Liberty Shoes Limited
1438,GLOBAL,Global Education Limited
1439,BRNL,Bharat Road Network Limited
1440,NOVAAGRI,Nova Agritech Limited
1441,TVSELECT,TVS Electronics Limited
1442,VINSYS,Vinsys IT Services India Limited
1443,NDL,Nandan Denim Limited
1444,KRITINUT,Kriti Nutrients Limited
1445,NAHARCAP,Nahar Capital and Financial Services Limited
1446,CLEDUCATE,CL Educate Limited
1447,ZIMLAB,Zim Laboratories Limited
1448,SHIVAMAUTO,Shivam Autotech Limited
1449,SYSTANGO,Systango Technologies Limited
1450,UNIDT,United Drilling Tools Limited
1451,SARLAPOLY,Sarla Performance Fibers Limited
1452,WTICAB,Wise Travel India Limited
1453,KRITIKA,Kritika Wires Limited
1454,TRF,TRF Limited
1455,AUTOIND,Autoline Industries Limited
1456,MUTHOOTCAP,Muthoot Capital Services Limited
1457,PURVFLEXI,Purv Flexipack Limited
1458,NBIFIN,N. B. I. Industrial Finance Company Limited
1459,AYMSYNTEX,AYM Syntex Limited
1460,MIRCELECTR,MIRC Electronics Limited
1461,NAHARPOLY,Nahar Poly Films Limited
1462,IITL,Industrial Investment Trust Limited
1463,GOLDTECH,AION-TECH SOLUTIONS LIMITED
1464,VENUSREM,Venus Remedies Limited
1465,KRISHNADEF,Krishna Defence and Allied Industries Limited
1466,WINDMACHIN,Windsor Machines Limited
1467,APS,Australian Premium Solar (India) Limited
1468,APOLSINHOT,Apollo Sindoori Hotels Limited
1469,BPL,BPL Limited
1470,CYBERTECH,Cybertech Systems And Software Limited
1471,KOTARISUG,Kothari Sugars And Chemicals Limited
1472,IL&FSENGG,IL&FS Engineering and Construction Company Limited
1473,SHIVAUM,Shiv Aum Steels Limited
1474,ESSARSHPNG,Essar Shipping Limited
1475,CELLECOR,Cellecor Gadgets Limited
1476,PROZONER,Prozone Realty Limited
1477,AARTISURF,Aarti Surfactants Limited
1478,LAL,Lorenzini Apparels Limited
1479,CINELINE,Cineline India Limited
1480,TECHLABS,Trident Techlabs Limited
1481,FELIX,Felix Industries Limited
1482,NIPPOBATRY,Indo-National Limited
1483,PREMIERPOL,Premier Polyfilm Limited
1484,VARDHACRLC,Vardhman Acrylics Limited
1485,RPPINFRA,R.P.P. Infra Projects Limited
1486,HIGREEN,Hi-Green Carbon Limited
1487,SURANI,Surani Steel Tubes Limited
1488,NILAINFRA,Nila Infrastructures Limited
1489,KAYA,Kaya Limited
1490,SJLOGISTIC,S J Logistics (India) Limited
1491,CRAYONS,Crayons Advertising Limited
1492,NITCO,Nitco Limited
1493,EUROBOND,Euro Panel Products Limited
1494,MEDICO,Medico Remedies Limited
1495,ALANKIT,Alankit Limited
1496,EMAMIREAL,Emami Realty Limited
1497,SAAKSHI,Saakshi Medtech and Panels Limited
1498,SEJALLTD,Sejal Glass Limited
1499,SHEMAROO,Shemaroo Entertainment Limited
1500,BEWLTD,BEW Engineering Limited
1501,IFBAGRO,IFB Agro Industries Limited
1502,DICIND,DIC India Limited
1503,PRECOT,Precot Limited
1504,ASAHISONG,Asahi Songwon Colors Limited
1505,ORBTEXP,Orbit Exports Limited
1506,MODISONLTD,MODISON LIMITED
1507,AURUM,Aurum PropTech Limited
1508,KDL,Kore Digital Limited
1509,EXXARO,Exxaro Tiles Limited
1510,KARNIKA,Karnika Industries Limited
1511,SAHYADRI,Sahyadri Industries Limited
1512,SKP,SKP Bearing Industries Limited
1513,KCPSUGIND,KCP Sugar and Industries Corporation Limited
1514,MKPL,M K Proteins Limited
1515,MANAKSTEEL,Manaksia Steels Limited
1516,UNIVPHOTO,Universus Photo Imagings Limited
1517,SCPL,Sheetal Cool Products Limited
1518,SIGMA,Sigma Solve Limited
1519,IZMO,IZMO Limited
1520,SINTERCOM,Sintercom India Limited
1521,FOCE,Foce India Limited
1522,PODDARMENT,Poddar Pigments Limited
1523,PLAZACABLE,Plaza Wires Limited
1524,DCMNVL,DCM Nouvelle Limited
1525,SHYAMCENT,Shyam Century Ferrous Limited
1526,SAKHTISUG,Sakthi Sugars Limited
1527,ESFL,Essen Speciality Films Limited
1528,ATMASTCO,Atmastco Limited
1529,KORE,Jay Jalaram Technologies Limited
1530,LYKALABS,Lyka Labs Limited
1531,STARPAPER,Star Paper Mills Limited
1532,SRGHFL,SRG Housing Finance Limited
1533,HINDMOTORS,Hindustan Motors Limited
1534,PONNIERODE,Ponni Sugars (Erode) Limited
1535,ASHIMASYN,Ashima Limited
1536,KOTHARIPRO,Kothari Products Limited
1537,GOKUL,Gokul Refoils and Solvent Limited
1538,HITECHCORP,Hitech Corporation Limited
1539,DIGIKORE,Digikore Studios Limited
1540,KNAGRI,KN Agri Resources Limited
1541,URAVI,Uravi T and Wedge Lamps Limited
1542,LAWSIKHO,Addictive Learning Technology Limited
1543,GOLDSTAR,Goldstar Power Limited
1544,TCL,Thaai Casting Limited
1545,RUCHIRA,Ruchira Papers Limited
1546,MAHEPC,Mahindra EPC Irrigation Limited
1547,PROV,Proventus Agrocom Limited
1548,OSIAHYPER,Osia Hyper Retail Limited
1549,MAWANASUG,Mawana Sugars Limited
1550,RHL,Robust Hotels Limited
1551,NATHBIOGEN,Nath Bio-Genes (India) Limited
1552,EIFFL,Euro India Fresh Foods Limited
1553,SARTELE,Sar Televenture Limited
1554,VIPULLTD,Vipul Limited
1555,ESSENTIA,Integra Essentia Limited
1556,MWL,Mangalam Worldwide Limited
1557,UCAL,UCAL LIMITED
1558,PASUPTAC,Pasupati Acrylon Limited
1559,DRONE,Drone Destination Limited
1560,INFINIUM,Infinium Pharmachem Limited
1561,COASTCORP,Coastal Corporation Limited
1562,MOS,Mos Utility Limited
1563,BIL,Bhartiya International Limited
1564,INDTERRAIN,Indian Terrain Fashions Limited
1565,ARIES,Aries Agro Limited
1566,SHREERAMA,Shree Rama Multi-Tech Limited
1567,DYNPRO,Dynemic Products Limited
1568,SHERA,Shera Energy Limited
1569,MHLXMIRU,Mahalaxmi Rubtech Limited
1570,NDLVENTURE,NDL Ventures Limited
1571,GULFPETRO,GP Petroleums Limited
1572,TAKE,Take Solutions Limited
1573,EQUIPPP,Equippp Social Impact Technologies Limited
1574,SMLT,Sarthak Metals Limited
1575,HARRMALAYA,Harrisons  Malayalam Limited
1576,UMAEXPORTS,Uma Exports Limited
1577,LANCORHOL,Lancor Holdings Limited
1578,PROPEQUITY,P. E. Analytics Limited
1579,SOFTTECH,Softtech Engineers Limited
1580,MANOMAY,Manomay Tex India Limited
1581,REPL,Rudrabhishek Enterprises Limited
1582,RANASUG,Rana Sugars Limited
1583,NEWJAISA,Newjaisa Technologies Limited
1584,SHREYANIND,Shreyans Industries Limited
1585,IVC,IL&FS Investment Managers Limited
1586,RAJTV,Raj Television Network Limited
1587,VIPCLOTHNG,VIP Clothing Limited
1588,ABINFRA,A B Infrabuild Limited
1589,TIPSFILMS,Tips Films Limited
1590,SOUTHWEST,South West Pinnacle Exploration Limited
1591,ABAN,Aban Offshore Limited
1592,AIRAN,Airan Limited
1593,SUPREMEPWR,Supreme Power Equipment Limited
1594,VIRINCHI,Virinchi Limited
1595,GOYALSALT,Goyal Salt Limited
1596,TRIGYN,Trigyn Technologies Limited
1597,EMKAY,Emkay Global Financial Services Limited
1598,INDOTHAI,Indo Thai Securities Limited
1599,RAJMET,Rajnandini Metal Limited
1600,RAMAPHO,Rama Phosphates Limited
1601,MGEL,Mangalam Global Enterprise Limited
1602,LORDSCHLO,Lords Chloro Alkali Limited
1603,SWARAJ,Swaraj Suiting Limited
1604,RPPL,Rajshree Polypack Limited
1605,ALMONDZ,Almondz Global Securities Limited
1606,TEMBO,Tembo Global Industries Limited
1607,ZODIACLOTH,Zodiac Clothing Company Limited
1608,ASCOM,Ascom Leasing & Investments Limited
1609,PILITA,PIL ITALICA LIFESTYLE LIMITED
1610,AARON,Aaron Industries Limited
1611,JAYSREETEA,Jayshree Tea & Industries Limited
1612,KRISHCA,Krishca Strapping Solutions Limited
1613,INTENTECH,Intense Technologies Limited
1614,RUCHINFRA,Ruchi Infrastructure Limited
1615,MURUDCERA,Murudeshwar Ceramics Limited
1616,DRCSYSTEMS,DRC Systems India Limited
1617,SUNDRMBRAK,Sundaram Brake Linings Limited
1618,VISHWARAJ,Vishwaraj Sugar Industries Limited
1619,USK,Udayshivakumar Infra Limited
1620,HINDCON,Hindcon Chemicals Limited
1621,OSWALSEEDS,ShreeOswal Seeds And Chemicals Limited
1622,PAR,Par Drugs And Chemicals Limited
1623,MEGASTAR,Megastar Foods Limited
1624,ZEAL,Zeal Global Services Limited
1625,BHAGYANGR,Bhagyanagar India Limited
1626,KONSTELEC,Konstelec Engineers Limited
1627,WELINV,Welspun Investments and Commercials Limited
1628,MARALOVER,Maral Overseas Limited
1629,MAGNUM,Magnum Ventures Limited
1630,GINNIFILA,Ginni Filaments Limited
1631,SADHAV,Sadhav Shipping Limited
1632,TARACHAND,Tara Chand InfraLogistic Solutions Limited
1633,KMSUGAR,K.M.Sugar Mills Limited
1634,ASIANHOTNR,Asian Hotels (North) Limited
1635,SVLL,Shree Vasu Logistics Limited
1636,GUJAPOLLO,Gujarat Apollo Industries Limited
1637,NURECA,Nureca Limited
1638,STARTECK,Starteck Finance Limited
1639,FROG,Frog Cellsat Limited
1640,PRAXIS,Praxis Home Retail Limited
1641,SHREEKARNI,Shree Karni Fabcom Limited
1642,COMSYN,Commercial Syn Bags Limited
1643,ABCOTS,A B Cotspin India Limited
1644,BGRENERGY,BGR Energy Systems Limited
1645,RKEC,RKEC Projects Limited
1646,MCLEODRUSS,Mcleod Russel India Limited
1647,CHAVDA,Chavda Infra Limited
1648,LOYALTEX,Loyal Textile Mills Limited
1649,KAPSTON,Kapston Services Limited
1650,BROOKS,Brooks Laboratories Limited
1651,THOMASCOTT,Thomas Scott (India) Limited
1652,BASML,Bannari Amman Spinning Mills Limited
1653,RVHL,Ravinder Heights Limited
1654,PPAP,PPAP Automotive Limited
1655,DELPHIFX,DELPHI WORLD MONEY LIMITED
1656,ELGIRUBCO,Elgi Rubber Company Limited
1657,SADBHIN,Sadbhav Infrastructure Project Limited
1658,DCI,Dc Infotech And Communication Limited
1659,ANMOL,Anmol India Limited
1660,A2ZINFRA,A2Z Infra Engineering Limited
1661,AHLEAST,Asian Hotels (East) Limited
1662,VETO,Veto Switchgears And Cables Limited
1663,MANORG,Mangalam Organics Limited
1664,SAH,Sah Polymers Limited
1665,ROXHITECH,Rox Hi Tech Limited
1666,AIROLAM,Airo Lam limited
1667,BAIDFIN,Baid Finserv Limited
1668,SELMC,SEL Manufacturing Company Limited
1669,DRSDILIP,DRS Dilip Roadlines Limited
1670,TEXMOPIPES,Texmo Pipes and Products Limited
1671,TTL,T T Limited
1672,GIRRESORTS,GIR Natureview Resorts Limited
1673,MANAKCOAT,Manaksia Coated Metals & Industries Limited
1674,JMA,Jullundur Motor Agency (Delhi) Limited
1675,CORDSCABLE,Cords Cable Industries Limited
1676,DEVIT,Dev Information Technology Limited
1677,IRIS,Iris Business Services Limited
1678,CROWN,Crown Lifters Limited
1679,RANEENGINE,Rane Engine Valve Limited
1680,OMAXAUTO,Omax Autos Limited
1681,TREJHARA,TREJHARA SOLUTIONS LIMITED
1682,NILASPACES,Nila Spaces Limited
1683,BYKE,The Byke Hospitality Ltd
1684,MODIRUBBER,Modi Rubber Limited
1685,ANLON,Anlon Technology Solutions Limited
1686,PRITI,Priti International Limited
1687,PARAGON,Paragon Fine and Speciality Chemical Limited
1688,NECCLTD,North Eastern Carrying Corporation Limited
1689,CCHHL,Country Club Hospitality & Holidays Limited
1690,SUPERHOUSE,Superhouse Limited
1691,RAMANEWS,Shree Rama Newsprint Limited
1692,HILTON,Hilton Metal Forging Limited
1693,NDGL,Naga Dhunseri Group Limited
1694,GSS,GSS Infotech Limited
1695,LGBFORGE,LGB Forge Limited
1696,INDOWIND,Indowind Energy Limited
1697,MEP,MEP Infrastructure Developers Limited
1698,BTML,Bodhi Tree Multimedia Limited
1699,VMARCIND,V Marc India Limited
1700,UNITEDPOLY,United Polyfab Gujarat Limited
1701,RMDRIP,R M Drip and Sprinklers Systems Limited
1702,ALPHAGEO,Alphageo (India) Limited
1703,QMSMEDI,QMS Medical Allied Services Limited
1704,USASEEDS,Upsurge Seeds Of Agriculture Limited
1705,UNIHEALTH,Unihealth Consultancy Limited
1706,ROCKINGDCE,Rockingdeals Circular Economy Limited
1707,ESCONET,Esconet Technologies Limited
1708,SMSLIFE,SMS Lifesciences India Limited
1709,VARDMNPOLY,Vardhman Polytex Limited
1710,AVONMORE,Avonmore Capital & Management Services Limited
1711,LAGNAM,Lagnam Spintex Limited
1712,AKSHARCHEM,AksharChem India Limited
1713,MODTHREAD,Modern Threads (India) Limited
1714,SSFL,Srivari Spices And Foods Limited
1715,IEL,Indiabulls Enterprises Limited
1716,BAHETI,Baheti Recycling Industries Limited
1717,ZEELEARN,Zee Learn Limited
1718,GENCON,Generic Engineering Construction and Projects Limited
1719,SURANAT&P,Surana Telecom and Power Limited
1720,DELAPLEX,Delaplex Limited
1721,ASPINWALL,Aspinwall and Company Limited
1722,DTIL,Dhunseri Tea & Industries Limited
1723,DENEERS,De Neers Tools Limited
1724,KCEIL,Kay Cee Energy & Infra Limited
1725,AVPINFRA,AVP Infracon Limited
1726,KANPRPLA,Kanpur Plastipack Limited
1727,CMNL,Chaman Metallics Limited
1728,RAJSREESUG,Rajshree Sugars & Chemicals Limited
1729,KBCGLOBAL,KBC Global Limited
1730,EFORCE,Electro Force (India) Limited
1731,AURDIS,Aurangabad Distillery Limited
1732,INDBANK,Indbank Merchant Banking Services Limited
1733,TARMAT,Tarmat Limited
1734,INM,Interiors & More Limited
1735,MAXPOSURE,Maxposure Limited
1736,INFOLLION,Infollion Research Services Limited
1737,BAFNAPH,Bafna Pharmaceuticals Limited
1738,MAHAPEXLTD,Maha Rashtra Apex Corporation Limited
1739,EFACTOR,E Factor Experiences Limited
1740,CLOUD,Varanium Cloud Limited
1741,COMPUSOFT,Compucom Software Limited
1742,DJML,DJ Mediaprint & Logistics Limited
1743,DUCON,Ducon Infratechnologies Limited
1744,ATLANTAA,ATLANTAA LIMITED
1745,PRATHAM,Pratham EPC Projects Limited
1746,MADHAVBAUG,Vaidya Sane Ayurved Laboratories Limited
1747,MAHESHWARI,Maheshwari Logistics Limited
1748,SHIVATEX,Shiva Texyarn Limited
1749,SIGIND,Signet Industries Limited
1750,DHRUV,Dhruv Consultancy Services Limited
1751,SECL,Salasar Exteriors and Contour Limited
1752,NITIRAJ,Nitiraj Engineers Limited
1753,INVENTURE,Inventure Growth & Securities Limited
1754,ATAM,Atam Valves Limited
1755,SPECTSTM,Spectrum Talent Management Limited
1756,AARVI,Aarvi Encon Limited
1757,WEIZMANIND,Weizmann Limited
1758,SALSTEEL,S.A.L. Steel Limited
1759,ALPA,Alpa Laboratories Limited
1760,GVPTECH,GVP Infotech Limited
1761,SHREEOSFM,Shree OSFM E-Mobility Limited
1762,SONAMAC,Sona Machinery Limited
1763,GLOBALVECT,Global Vectra Helicorp Limited
1764,MANAKALUCO,Manaksia Aluminium Company Limited
1765,INCREDIBLE,INCREDIBLE INDUSTRIES LIMITED
1766,BLBLIMITED,BLB Limited
1767,EROSMEDIA,Eros International Media Limited
1768,SUPREMEINF,Supreme Infrastructure India Limited
1769,SMARTLINK,Smartlink Holdings Limited
1770,VITAL,Vital Chemtech Limited
1771,VISESHINFO,Visesh Infotecnics Limited
1772,CADSYS,Cadsys (India) Limited
1773,XELPMOC,Xelpmoc Design And Tech Limited
1774,SWASTIK,Swastik Pipe Limited
1775,PRAENG,Prajay Engineers Syndicate Limited
1776,MUKTAARTS,Mukta Arts Limited
1777,PARIN,Parin Furniture Limited
1778,VIVIANA,Viviana Power Tech Limited
1779,UMANGDAIRY,Umang Dairies Limited
1780,BSL,BSL Limited
1781,MAHASTEEL,Mahamaya Steel Industries Limited
1782,ARCHIDPLY,Archidply Industries Limited
1783,CTE,Cambridge Technology Enterprises Limited
1784,ARSHIYA,Arshiya Limited
1785,AARTECH,Aartech Solonics Limited
1786,SALONA,Salona Cotspin Limited
1787,LOVABLE,Lovable Lingerie Limited
1788,CANARYS,Canarys Automations Limited
1789,BAWEJA,Baweja Studios Limited
1790,URBAN,Urban Enviro Waste Management Limited
1791,BAGFILMS,B.A.G Films and Media Limited
1792,ISFT,Intrasoft Technologies Limited
1793,KLL,Kaushalya Logistics Limited
1794,GREENCHEF,Greenchef Appliances Limited
1795,IVP,IVP Limited
1796,WORTH,Worth Peripherals Limited
1797,SONAMLTD,SONAM LIMITED
1798,SUMIT,Sumit Woods Limited
1799,TIRUPATIFL,Tirupati Forge Limited
1800,EMMBI,Emmbi Industries Limited
1801,ARVEE,Arvee Laboratories (India) Limited
1802,UNITEDTEA,The United Nilgiri Tea Estates Company Limited
1803,UNIVASTU,Univastu India Limited
1804,LLOYDS,Lloyds Luxuries Limited
1805,SURANASOL,Surana Solar Limited
1806,SOMICONVEY,Somi Conveyor Beltings Limited
1807,KAKATCEM,Kakatiya Cement Sugar & Industries Limited
1808,SHIGAN,Shigan Quantum Technologies Limited
1809,BHARATGEAR,Bharat Gears Limited
1810,ONDOOR,On Door Concepts Limited
1811,OILCOUNTUB,Oil Country Tubular Limited
1812,SPLIL,SPL Industries Limited
1813,CAPTRUST,Capital Trust Limited
1814,FIDEL,Fidel Softech Limited
1815,MDL,Marvel Decor Limited
1816,3RDROCK,3rd Rock Multimedia Limited
1817,VEEKAYEM,Veekayem Fashion and Apparels Limited
1818,DYNAMIC,Dynamic Services & Security Limited
1819,GILLANDERS,Gillanders Arbuthnot & Company Limited
1820,CENTEXT,Century Extrusions Limited
1821,SHRITECH,Shri Techtex Limited
1822,TOTAL,Total Transport Systems Limited
1823,MITCON,MITCON Consultancy & Engineering Services Limited
1824,ARHAM,Arham Technologies Limited
1825,TOUCHWOOD,Touchwood Entertainment Limited
1826,JOCIL,Jocil Limited
1827,VAISHALI,Vaishali Pharma Limited
1828,FCONSUMER,Future Consumer Limited
1829,DIGIDRIVE,Digidrive Distributors Limited
1830,KEL,Kundan Edifice Limited
1831,CORALFINAC,Coral India Finance & Housing Limited
1832,ACCURACY,Accuracy Shipping Limited
1833,KALYANIFRG,Kalyani Forge Limited
1834,NIRAJ,Niraj Cement Structurals Limited
1835,SRIVASAVI,Srivasavi Adhesive Tapes Limited
1836,IPSL,Integrated Personnel Services Limited
1837,GTL,GTL Limited
1838,RELCHEMQ,Reliance Chemotex Industries Limited
1839,INDIANCARD,Indian Card Clothing Company Limited
1840,MANGALAM,Mangalam Drugs And Organics Limited
1841,PALREDTEC,Palred Technologies Limited
1842,SIL,Standard Industries Limited
1843,LEMERITE,Le Merite Exports Limited
1844,BALPHARMA,Bal Pharma Limited
1845,KOHINOOR,Kohinoor Foods Limited
1846,AKANKSHA,Akanksha Power and Infrastructure Limited
1847,RHFL,Reliance Home Finance Limited
1848,LAMBODHARA,Lambodhara Textiles Limited
1849,CUBEXTUB,Cubex Tubings Limited
1850,GOLDKART,Goldkart Jewels Limited
1851,AHLADA,Ahlada Engineers Limited
1852,BEARDSELL,Beardsell Limited
1853,IL&FSTRANS,IL&FS Transportation Networks Limited
1854,HPIL,Hindprakash Industries Limited
1855,PANSARI,Pansari Developers Limited
1856,AMJLAND,Amj Land Holdings Limited
1857,NOIDATOLL,Noida Toll Bridge Company Limited
1858,DBSTOCKBRO,DB (International) Stock Brokers Limited
1859,HOMESFY,Homesfy Realty Limited
1860,S&SPOWER,S&S Power Switchgears Limited
1861,GRCL,Gayatri Rubbers And Chemicals Limited
1862,PULZ,Pulz Electronics Limited
1863,AKI,AKI India Limited
1864,AGRITECH,Agri-Tech (India) Limited
1865,DCM,DCM  Limited
1866,PRAKASHSTL,Prakash Steelage Limited
1867,SOTAC,Sotac Pharmaceuticals Limited
1868,SHRADHA,Shradha Infraprojects Limited
1869,MADHUSUDAN,Madhusudan Masala Limited
1870,JAINAM,Jainam Ferro Alloys (I) Limited
1871,FONEBOX,Fonebox Retail Limited
1872,SUNDARAM,Sundaram Multi Pap Limited
1873,MRO-TEK,MRO-TEK Realty Limited
1874,KREBSBIO,Krebs Biochemicals and Industries Limited
1875,KHFM,Khfm Hospitality And Facility Management Services Limited
1876,PASHUPATI,Pashupati Cotspin Limited
1877,DUCOL,Ducol Organics And Colours Limited
1878,AKSHOPTFBR,Aksh Optifibre Limited
1879,WIPL,The Western India Plywoods Limited
1880,PATINTLOG,Patel Integrated Logistics Limited
1881,IBLFL,IBL Finance Limited
1882,VR,V R Infraspace Limited
1883,GICL,Globe International Carriers Limited
1884,JHS,JHS Svendgaard Laboratories Limited
1885,FLEXITUFF,Flexituff Ventures International Limited
1886,AUSOMENT,Ausom Enterprise Limited
1887,DANGEE,Dangee Dums Limited
1888,DGCONTENT,Digicontent Limited
1889,ARTNIRMAN,Art Nirman Limited
1890,SHAH,Shah Metacorp Limited
1891,SECURKLOUD,SECUREKLOUD TECHNOLOGIES LIMITED
1892,SURYALAXMI,Suryalakshmi Cotton Mills Limited
1893,BVCL,Barak Valley Cements Limited
1894,GOYALALUM,Goyal Aluminiums Limited
1895,TRANSTEEL,Transteel Seating Technologies Limited
1896,BHANDARI,Bhandari Hosiery Exports Limited
1897,PARTYCRUS,Party Cruisers Limited
1898,MOTOGENFIN,The Motor & General Finance Limited
1899,PALASHSECU,Palash Securities Limited
1900,ANIKINDS,Anik Industries Limited
1901,SHAHALLOYS,Shah Alloys Limited
1902,TAINWALCHM,Tainwala Chemical and Plastic (I) Limited
1903,SUVIDHAA,Suvidhaa Infoserve Limited
1904,LOTUSEYE,Lotus Eye Hospital and Institute Limited
1905,GANGESSECU,Ganges Securities Limited
1906,AGNI,Agni Green Power Limited
1907,SIKKO,Sikko Industries Limited
1908,AMDIND,AMD Industries Limited
1909,STEELCITY,Steel City Securities Limited
1910,TPHQ,Teamo Productions HQ Limited
1911,GLOBE,Globe Textiles (India) Limited
1912,FRETAIL,Future Retail Limited
1913,SOMATEX,Soma Textiles & Industries Limited
1914,AAREYDRUGS,Aarey Drugs & Pharmaceuticals Limited
1915,QUICKTOUCH,Quicktouch Technologies Limited
1916,LASA,Lasa Supergenerics Limited
1917,ZENITHDRUG,Zenith Drugs Limited
1918,ZENITHSTL,Zenith Steel Pipes & Industries Limited
1919,LPDC,Landmark Property Development Company Limited
1920,NIRMAN,Nirman Agri Genetics Limited
1921,NAGREEKEXP,Nagreeka Exports Limited
1922,AVROIND,AVRO INDIA LIMITED
1923,ALKALI,Alkali Metals Limited
1924,AAATECH,AAA Technologies Limited
1925,CINEVISTA,Cinevista Limited
1926,ENERGYDEV,Energy Development Company Limited
1927,ATALREAL,Atal Realtech Limited
1928,GROBTEA,The Grob Tea Company Limited
1929,SIMBHALS,Simbhaoli Sugars Limited
1930,GLOBALPET,Global Pet Industries Limited
1931,BANKA,Banka BioLoo Limited
1932,PIONEEREMB,Pioneer Embroideries Limited
1933,KEYFINSERV,Keynote Financial Services Limited
1934,PKTEA,The Peria Karamalai Tea & Produce Company Limited
1935,DELTAMAGNT,Delta Manufacturing Limited
1936,ARCHIES,Archies Limited
1937,MAHICKRA,Mahickra Chemicals Limited
1938,OBCL,Orissa Bengal Carrier Limited
1939,SAIFL,Sameera Agro And Infra Limited
1940,INDSWFTLTD,Ind-Swift Limited
1941,BIOFILCHEM,Biofil Chemicals & Pharmaceuticals Limited
1942,VINNY,Vinny Overseas Limited
1943,SAMBHAAV,Sambhaav Media Limited
1944,DAMODARIND,Damodar Industries Limited
1945,GANGAFORGE,Ganga Forging Limited
1946,MHHL,Mohini Health & Hygiene Limited
1947,VASWANI,Vaswani Industries Limited
1948,HISARMETAL,Hisar Metal Industries Limited
1949,PARASPETRO,Paras Petrofils Limited
1950,SECMARK,SecMark Consultancy Limited
1951,CELEBRITY,Celebrity Fashions Limited
1952,PRESSTONIC,Presstonic Engineering Limited
1953,SYNOPTICS,Synoptics Technologies Limited
1954,YAARI,Yaari Digital Integrated Services Limited
1955,AAKASH,Aakash Exploration Services Limited
1956,REGENCERAM,Regency Ceramics Limited
1957,TOKYOPLAST,Tokyo Plast International Limited
1958,ZENITHEXPO,Zenith Exports Limited
1959,MOKSH,Moksh Ornaments Limited
1960,DOLLEX,Dollex Agrotech Limited
1961,ARABIAN,Arabian Petroleum Limited
1962,TREEHOUSE,Tree House Education & Accessories Limited
1963,DEEM,Deem Roll Tech Limited
1964,ARIHANTACA,Arihant Academy Limited
1965,ASTRON,Astron Paper & Board Mill Limited
1966,PANACHE,Panache Digilife Limited
1967,PRITIKA,Pritika Engineering Components Limited
1968,SAMPANN,Sampann Utpadan India Limited
1969,ENFUSE,Enfuse Solutions Limited
1970,MCL,Madhav Copper Limited
1971,FIBERWEB,Fiberweb (India) Limited
1972,PROLIFE,Prolife Industries Limited
1973,PRECISION,Precision Metaliks Limited
1974,BABAFP,Baba Food Processing (India) Limited
1975,AUROIMPEX,Auro Impex  & Chemicals Limited
1976,PRAMARA,Pramara Promotions Limited
1977,PENTAGON,Pentagon Rubber Limited
1978,MAL,Mangalam Alloys Limited
1979,PIGL,Power & Instrumentation (Gujarat) Limited
1980,RCDL,Rajgor Castor Derivatives Limited
1981,MBECL,Mcnally Bharat Engineering Company Limited
1982,SETCO,Setco Automotive Limited
1983,HOLMARC,Holmarc Opto-Mechatronics Limited
1984,TIMESGTY,Times Guaranty Limited
1985,MAITREYA,Maitreya Medicare Limited
1986,NIBL,NRB Industrial Bearings Limited
1987,SIGNORIA,Signoria Creation Limited
1988,KARMAENG,Karma Energy Limited
1989,AVSL,AVSL Industries Limited
1990,VELS,Vels Film International Limited
1991,LATTEYS,Latteys Industries Limited
1992,PNC,Pritish Nandy Communications Limited
1993,MONOPHARMA,Mono Pharmacare Limited
1994,VERTEXPLUS,Vertexplus Technologies Limited
1995,MVKAGRO,M.V.K. Agro Food Product Limited
1996,SVPGLOB,SVP GLOBAL TEXTILES LIMITED
1997,DIL,Debock Industries Limited
1998,BALKRISHNA,Balkrishna Paper Mills Limited
1999,MARCO,Marco Cables & Conductors Limited
2000,ORIENTLTD,Orient Press Limited
2001,RILINFRA,Rachana Infrastructure Limited
2002,SPYL,Shekhawati Poly-Yarn Limited
2003,GTECJAINX,G-TEC JAINX EDUCATION LIMITED
2004,YUDIZ,Yudiz Solutions Limited
2005,AGROPHOS,Agro Phos India Limited
2006,SHUBHLAXMI,Shubhlaxmi Jewel Art Limited
2007,MCON,Mcon Rasayan India Limited
2008,AMBANIORG,Ambani Organics Limited
2009,AISL,ANI Integrated Services Limited
2010,CPS,C P S Shapers Limited
2011,HOVS,HOV Services Limited
2012,KANANIIND,Kanani Industries Limited
2013,SHIVAMILLS,Shiva Mills Limited
2014,PRUDMOULI,Prudential Sugar Corporation Limited
2015,SCML,Sharp Chucks and Machines Limited
2016,AATMAJ,Aatmaj Healthcare Limited
2017,KTL,Kalahridhaan Trendz Limited
2018,CEREBRAINT,Cerebra Integrated Technologies Limited
2019,EXCEL,Excel Realty N Infra Limited
2020,SHEETAL,Sheetal Universal Limited
2021,GRAPHISAD,Graphisads Limited
2022,HECPROJECT,HEC Infra Projects Limited
2023,SECURCRED,SecUR Credentials Limited
2024,AROGRANITE,Aro Granite Industries Limited
2025,MADHUCON,Madhucon Projects Limited
2026,WEWIN,WE WIN LIMITED
2027,KKVAPOW,KKV Agro Powers Limited
2028,RELIABLE,Reliable Data Services Limited
2029,AKSHAR,Akshar Spintex Limited
2030,DHTL,Docmode Health Technologies Limited
2031,PERFECT,Perfect Infraengineers Limited
2032,MILTON,Milton Industries Limited
2033,GOLDENTOBC,Golden Tobacco Limited
2034,LEXUS,Lexus Granito (India) Limited
2035,MAGSON,Magson Retail And Distribution Limited
2036,SERVICE,Service Care Limited
2037,ROML,Raj Oil Mills Limited
2038,NGIL,Nakoda Group of Industries Limited
2039,CLSL,Crop Life Science Limited
2040,OMFURN,Omfurn India Limited
2041,VIAZ,Viaz Tyres Limited
2042,TRIDHYA,Tridhya Tech Limited
2043,BANG,Bang Overseas Limited
2044,MORARJEE,Morarjee Textiles Limited
2045,MANUGRAPH,Manugraph India Limited
2046,MALUPAPER,Malu Paper Mills Limited
2047,UCL,Ushanti Colour Chem Limited
2048,SIDDHIKA,Siddhika Coatings Limited
2049,JAIPURKURT,Nandani Creation Limited
2050,SPTL,Sintex Plastics Technology Limited
2051,CELLPOINT,Cell Point (India) Limited
2052,MICROPRO,Micropro Software Solutions Limited
2053,COMMITTED,Committed Cargo Care Limited
2054,HBSL,HB Stockholdings Limited
2055,BANARBEADS,Banaras Beads Limited
2056,SANGANI,Sangani Hospitals Limited
2057,BDR,BDR Buildcon Limited
2058,JETFREIGHT,Jet Freight Logistics Limited
2059,MARSHALL,Marshall Machines Limited
2060,ABMINTLLTD,ABM International Limited
2061,TERASOFT,Tera Software Limited
2062,AKG,Akg Exim Limited
2063,PEARLPOLY,Pearl Polymers Limited
2064,PODDARHOUS,Poddar Housing and Development Limited
2065,SHANTHALA,Shanthala FMCG Products Limited
2066,AARVEEDEN,Aarvee Denims & Exports Limited
2067,REXPIPES,Rex Pipes And Cables Industries Limited
2068,JETKNIT,Jet Knitwears Limited
2069,ENSER,Enser Communications Limited
2070,SHRENIK,Shrenik Limited
2071,DNAMEDIA,Diligent Media Corporation Limited
2072,MASTER,Master Components Limited
2073,ACSAL,Arvind and Company Shipping Agencies Limited
2074,SILGO,Silgo Retail Limited
2075,AKASH,Akash Infra-Projects Limited
2076,SEYAIND,Seya Industries Limited
2077,AJOONI,Ajooni Biotech Limited
2078,TFL,Transwarranty Finance Limited
2079,TAPIFRUIT,Tapi Fruit Processing Limited
2080,LFIC,Lakshmi Finance & Industrial Corporation Limited
2081,WOMANCART,Womancart Limited
2082,ASLIND,ASL Industries Limited
2083,TIMESCAN,Timescan Logistics (India) Limited
2084,ANKITMETAL,Ankit Metal & Power Limited
2085,ICDSLTD,ICDS Limited
2086,YCCL,Yasons Chemex Care Limited
2087,UMA,Uma Converter Limited
2088,WALPAR,Walpar Nutritions Limited
2089,SONUINFRA,Sonu Infratech Limited
2090,SEL,Sungarner Energies Limited
2091,LIBAS,Libas Consumer Products Limited
2092,3PLAND,3P Land Holdings Limited
2093,BURNPUR,Burnpur Cement Limited
2094,SITINET,Siti Networks Limited
2095,RKDL,Ravi Kumar Distilleries Limited
2096,MAKS,Maks Energy Solutions India Limited
2097,SRPL,Shree Ram Proteins Limited
2098,BMETRICS,Bombay Metrics Supply Chain Limited
2099,ITALIANE,Italian Edibles Limited
2100,LAXMICOT,Laxmi Cotspin Limited
2101,UWCSL,Ultra Wiring Connectivity System Limited
2102,TNTELE,Tamilnadu Telecommunication Limited
2103,AMBICAAGAR,Ambica Agarbathies & Aroma industries Limited
2104,ASHOKAMET,Ashoka Metcast Limited
2105,ADL,Archidply Decor Limited
2106,KHANDSE,Khandwala Securities Limited
2107,VINEETLAB,Vineet Laboratories Limited
2108,TECHIN,Techindia Nirman Limited
2109,PATTECH,Pattech Fitwell Tube Components Limited
2110,CBAZAAR,Net Avenue Technologies Limited
2111,BINANIIND,Binani Industries Limited
2112,21STCENMGM,21st Century Management Services Limited
2113,KRIDHANINF,Kridhan Infra Limited
2114,GODHA,Godha Cabcon & Insulation Limited
2115,JFLLIFE,Jfl Life Sciences Limited
2116,ISHAN,Ishan International Limited
2117,NEXTMEDIA,Next Mediaworks Limited
2118,SUULD,Suumaya Industries Limited
2119,ARISTO,Aristo Bio-Tech And Lifescience Limited
2120,TGBHOTELS,TGB Banquets And Hotels Limited
2121,DKEGL,D.K. Enterprises Global Limited
2122,MARINETRAN,Marinetrans India Limited
2123,DESTINY,Destiny Logistics & Infra Limited
2124,FLFL,Future Lifestyle Fashions Limited
2125,ARSSINFRA,ARSS Infrastructure Projects Limited
2126,ONELIFECAP,Onelife Capital Advisors Limited
2127,INSPIRE,Inspire Films Limited
2128,VSCL,Vadivarhe Speciality Chemicals Limited
2129,SGL,STL Global Limited
2130,EDUCOMP,Educomp Solutions Limited
2131,SAGARDEEP,Sagardeep Alloys Limited
2132,ROLLT,Rollatainers Limited
2133,KONTOR,Kontor Space Limited
2134,SHAIVAL,Shaival Reality Limited
2135,AGARWALFT,Agarwal Float Glass India Limited
2136,TECILCHEM,TECIL Chemicals and Hydro Power Limited
2137,CMRSL,Cyber Media Research & Services Limited
2138,NIDAN,Nidan Laboratories and Healthcare Limited
2139,UNIINFO,Uniinfo Telecom Services Limited
2140,COUNCODOS,Country Condo's Limited
2141,AMEYA,Ameya Precision Engineers Limited
2142,SUPERSPIN,Super Spinning Mills Limited
2143,CYBERMEDIA,Cyber Media (India) Limited
2144,TIJARIA,Tijaria Polypipes Limited
2145,WILLAMAGOR,Williamson Magor & Company Limited
2146,GSTL,Globesecure Technologies Limited
2147,COMPINFO,Compuage Infocom Limited
2148,MINDPOOL,Mindpool Technologies Limited
2149,POLYSIL,Polysil Irrigation Systems Limited
2150,HAVISHA,Sri Havisha Hospitality and Infrastructure Limited
2151,JIWANRAM,Jiwanram Sheoduttrai Industries Limited
2152,MADHAV,Madhav Marbles and Granites Limited
2153,NKIND,NK Industries Limited
2154,SANGINITA,Sanginita Chemicals Limited
2155,MEGAFLEX,Mega Flex Plastics Limited
2156,ADROITINFO,Adroit Infotech Limited
2157,FMNL,Future Market Networks Limited
2158,HEADSUP,Heads UP Ventures Limited
2159,KEEPLEARN,DSJ Keep Learning Limited
2160,ACEINTEG,Ace Integrated Solutions Limited
2161,VIVIDHA,Visagar Polytex Limited
2162,KCK,Kck Industries Limited
2163,SABAR,Sabar Flex India Limited
2164,AGUL,A G Universal Limited
2165,FSC,Future Supply Chain Solutions Limited
2166,GATECH,GACM Technologies Limited
2167,IMPEXFERRO,Impex Ferro Tech Limited
2168,QFIL,Quality Foils (India) Limited
2169,KHAITANLTD,Khaitan (India) Limited
2170,NARMADA,Narmada Agrobase Limited
2171,FEL,Future Enterprises Limited
2172,GRETEX,Gretex Industries Limited
2173,VIJIFIN,Viji Finance Limited
2174,BOHRAIND,Bohra Industries Limited
2175,MOXSH,Moxsh Overseas Educon Limited
2176,MOHITIND,Mohit Industries Limited
2177,VILINBIO,Vilin Bio Med Limited
2178,HRHNEXT,HRH Next Services Limited
2179,SUNREST,Sunrest Lifescience Limited
2180,SPRL,Sp Refractories Limited
2181,SUMEETINDS,Sumeet Industries Limited
2182,HYBRIDFIN,Hybrid Financial Services Limited
2183,VERA,Vera Synthetic Limited
2184,SAHAJ,Sahaj Fashions Limited
2185,GOENKA,Goenka Diamond and Jewels Limited
2186,QUADPRO,Quadpro Ites Limited
2187,ANTGRAPHIC,Antarctica Limited
2188,INDIFRA,Indifra Limited
2189,ORIENTALTL,Oriental Trimex Limited
2190,LCCINFOTEC,LCC Infotech Limited
2191,LRRPL,Lead Reclaim And Rubber Products Limited
2192,MASKINVEST,Mask Investments Limited
2193,OLIL,Oneclick Logistics India Limited
2194,KAVVERITEL,Kavveri Telecom Products Limited
2195,MITTAL,Mittal Life Style Limited
2196,GUJRAFFIA,Gujarat Raffia Industries Limited
2197,KSHITIJPOL,Kshitij Polyline Limited
2198,CONTI,Continental Seeds and Chemicals Limited
2199,GLFL,Gujarat Lease Financing Limited
2200,NTL,Neueon Towers Limited
2201,CALSOFT,California Software Company Limited
2202,AILIMITED,Abhishek Integrations Limited
2203,KANDARP,Kandarp Digi Smart BPO Limited
2204,PLADAINFO,Plada Infotech Services Limited
2205,MTEDUCARE,MT Educare Limited
2206,WINSOME,Winsome Yarns Limited
2207,KAUSHALYA,Kaushalya Infrastructure Development Corporation Limited
2208,DRL,Dhanuka Realty Limited
2209,BRIGHT,Bright Solar Limited
2210,NAGREEKCAP,Nagreeka Capital & Infrastructure Limited
2211,TVVISION,TV Vision Limited
2212,VCL,Vaxtex Cotfab Limited
2213,TRANSWIND,Transwind Infrastructures Limited
2214,DIGJAMLMTD,Digjam Limited
2215,RITEZONE,Rite Zone Chemcon India Limited
2216,METALFORGE,Metalyst Forgings Limited
2217,SHANTI,Shanti Overseas (India) Limited
2218,LYPSAGEMS,Lypsa Gems & Jewellery Limited
2219,RICHA,Richa Info Systems Limited
2220,MANAV,Manav Infra Projects Limited
2221,NORBTEAEXP,Norben Tea & Exports Limited
2222,TARAPUR,Tarapur Transformers Limited
2223,BLUECHIP,Blue Chip India Limited
2224,VIVO,Vivo Collaboration Solutions Limited
2225,ORTINLAB,Ortin Laboratories Limited
2226,SAROJA,Saroja Pharma Industries India Limited
2227,JAKHARIA,JAKHARIA FABRIC LIMITED
2228,MPTODAY,Madhya Pradesh Today Media Limited
2229,SILLYMONKS,Silly Monks Entertainment Limited
2230,EUROTEXIND,Eurotex Industries and Exports Limited
2231,AMIABLE,Amiable Logistics (India) Limited
2232,UMESLTD,Usha Martin Education & Solutions Limited
2233,OMKARCHEM,Omkar Speciality Chemicals Limited
2234,KALYANI,Kalyani Commercials Limited
2235,ARENTERP,Rajdarshan Industries Limited
2236,BKMINDST,Bkm Industries Limited
2237,NIRAJISPAT,Niraj Ispat Industries Limited
2238,INNOVATIVE,Innovative Tyres and Tubes Limited
2239,ACCORD,Accord Synergy Limited
2240,SHYAMTEL,Shyam Telecom Limited
2241,SMVD,SMVD Poly Pack Limited
2242,DCMFINSERV,DCM Financial Services Limited
2243,PREMIER,Premier Limited
2244,CREATIVEYE,Creative Eye Limited
2245,AHIMSA,Ahimsa Industries Limited
2246,ABNINT,A B N Intercorp Limited
2247,ALPSINDUS,Alps Industries Limited
2248,MELSTAR,Melstar Information Technologies Limited
2249,JALAN,Jalan Transolutions (India) Limited
2250,SABEVENTS,Sab Events & Governance Now Media Limited
2251,SANCO,Sanco Industries Limited
2252,BHALCHANDR,Bhalchandram Clothing Limited
2253,LAKPRE,Lakshmi Precision Screws Limited
2254,VASA,Vasa Retail and Overseas Ltd
2255,CMMIPL,CMM Infraprojects Limited